State,District,N,OC,P,K,AS%,SrAc%,HAc%,MAc%,SlAc%,N%,MAl%,SlAl%
ANDAMAN & NICOBAR,Nicobars,99.11%,65.96%,78.16%,89.89%,0.07,0.00,4.64,14.39,16.17,8.53,56.00,0.20
ANDAMAN & NICOBAR,North And Middle Andaman,99.91%,85.85%,98.35%,85.05%,1.48,0.28,16.80,64.69,11.19,1.52,3.98,0.07
ANDAMAN & NICOBAR,South Andamans,98.58%,74.05%,91.81%,87.86%,0.03,0.28,9.18,39.39,16.68,3.89,29.32,1.24
ANDHRA PRADESH,Anantapur,92.62%,54.21%,6.13%,15.85%,0.00,0.00,0.00,0.00,0.00,100.00,0.00,0.00
ANDHRA PRADESH,Chittoor,96.23%,36.68%,11.63%,49.93%,0.00,0.00,0.00,0.00,0.00,100.00,0.00,0.00
ANDHRA PRADESH,East Godavari,95.82%,24.80%,13.70%,18.62%,0.00,0.00,0.00,0.00,0.00,100.00,0.00,0.00
ANDHRA PRADESH,Guntur,89.51%,51.99%,11.07%,6.16%,0.00,0.00,0.00,0.00,0.00,100.00,0.00,0.00
ANDHRA PRADESH,Krishna,90.28%,21.44%,2.28%,26.20%,0.00,0.00,0.00,0.00,0.00,100.00,0.00,0.00
ANDHRA PRADESH,Kurnool,99.69%,56.39%,8.85%,29.49%,0.00,0.00,0.00,0.00,0.00,100.00,0.00,0.00
ANDHRA PRADESH,Prakasam,93.43%,52.37%,24.88%,16.77%,0.00,0.00,0.00,0.00,0.00,100.00,0.00,0.00
ANDHRA PRADESH,Spsr Nellore,93.47%,24.58%,10.11%,58.58%,0.00,0.00,0.00,0.00,0.00,100.00,0.00,0.00
ANDHRA PRADESH,Srikakulam,88.52%,29.53%,42.62%,23.91%,0.00,0.00,0.00,0.00,0.00,100.00,0.00,0.00
ANDHRA PRADESH,Visakhapatanam,88.98%,22.07%,14.41%,51.42%,0.00,0.00,0.00,0.00,0.00,100.00,0.00,0.00
ANDHRA PRADESH,Vizianagaram,94.23%,35.39%,9.17%,23.20%,0.00,0.00,0.00,0.00,0.00,100.00,0.00,0.00
ANDHRA PRADESH,West Godavari,87.25%,33.02%,3.41%,56.53%,0.00,0.00,0.00,0.00,0.00,100.00,0.00,0.00
ANDHRA PRADESH,Y.S.R.,98.59%,63.67%,19.79%,28.43%,0.00,0.00,0.00,0.00,0.00,100.00,0.00,0.00
ARUNACHAL PRADESH,Changlang,7.28%,26.47%,96.80%,21.61%,0.28,8.88,54.69,29.33,3.31,1.10,2.26,0.17
ARUNACHAL PRADESH,Dibang Valley,0.48%,5.07%,79.85%,20.27%,0.00,4.46,63.73,31.45,0.24,0.00,0.00,0.12
ARUNACHAL PRADESH,East Kameng,4.05%,6.37%,84.33%,16.22%,2.62,12.05,41.57,39.39,3.06,0.19,1.06,0.06
ARUNACHAL PRADESH,East Siang,0.70%,0.00%,93.59%,39.48%,0.17,59.60,33.64,6.47,0.00,0.00,0.12,0.00
ARUNACHAL PRADESH,Kra Daadi,4.82%,10.68%,86.35%,31.03%,1.21,11.08,69.88,17.33,0.11,0.00,0.16,0.22
ARUNACHAL PRADESH,Kurung Kumey,1.37%,3.62%,93.98%,18.42%,0.52,12.22,56.80,26.51,1.38,0.86,1.72,0.00
ARUNACHAL PRADESH,Lohit,3.60%,8.64%,72.63%,12.60%,0.00,5.31,58.42,35.01,0.63,0.27,0.36,0.00
ARUNACHAL PRADESH,Lower Dibang Valley,0.68%,0.81%,88.15%,17.17%,0.14,4.09,54.98,40.52,0.27,0.00,0.00,0.00
ARUNACHAL PRADESH,Lower Subansiri,51.58%,6.00%,57.24%,41.33%,1.78,12.44,40.44,38.44,4.89,0.44,1.56,0.00
ARUNACHAL PRADESH,Papum Pare,1.11%,3.20%,80.56%,10.94%,0.39,2.71,62.54,28.93,3.15,0.92,0.83,0.53
ARUNACHAL PRADESH,Tawang,5.08%,9.46%,82.87%,8.11%,0.53,11.94,24.60,48.40,5.44,1.25,7.84,0.00
ARUNACHAL PRADESH,Upper Siang,4.13%,13.84%,96.86%,16.83%,0.00,2.28,39.94,54.92,2.43,0.00,0.43,0.00
ARUNACHAL PRADESH,Upper Subansiri,0.88%,23.12%,84.47%,33.08%,1.83,19.71,46.87,28.68,0.57,0.13,2.15,0.06
ARUNACHAL PRADESH,West Kameng,6.31%,12.94%,99.05%,7.73%,0.16,2.84,49.37,46.06,1.42,0.00,0.16,0.00
ARUNACHAL PRADESH,West Siang,0.28%,0.14%,94.26%,18.73%,0.05,0.56,39.78,57.84,1.73,0.00,0.00,0.05
ASSAM,Baksa,76.89%,57.14%,96.78%,85.38%,0.07,0.75,14.13,50.30,32.07,0.22,2.44,0.02
ASSAM,Barpeta,63.26%,29.87%,79.61%,85.48%,0.60,6.43,15.42,28.35,4.23,0.34,44.24,0.40
ASSAM,Biswanath,93.69%,43.37%,94.08%,28.57%,0.09,0.44,5.39,16.21,76.54,0.26,1.03,0.04
ASSAM,Bongaigaon,67.93%,26.10%,84.49%,87.01%,0.58,6.47,11.81,35.17,14.34,0.63,30.81,0.19
ASSAM,Cachar,0.89%,2.40%,56.50%,74.86%,0.41,18.84,66.12,11.68,2.00,0.03,0.91,0.00
ASSAM,Charaideo,100.00%,33.33%,100.00%,100.00%,0.00,0.00,0.00,100.00,0.00,0.00,0.00,0.00
ASSAM,Chirang,80.90%,37.67%,95.15%,76.17%,0.00,0.28,15.79,51.21,4.69,0.14,27.74,0.14
ASSAM,Darrang,91.73%,78.67%,95.44%,79.36%,0.21,1.20,35.90,45.70,15.68,0.03,0.55,0.73
ASSAM,Dhemaji,89.83%,66.67%,65.08%,5.56%,0.09,4.18,49.47,37.52,8.72,0.00,0.02,0.00
ASSAM,Dhubri,0.26%,1.19%,18.65%,78.11%,0.04,2.80,49.01,47.42,0.66,0.00,0.04,0.02
ASSAM,Dibrugarh,53.10%,10.69%,98.12%,94.31%,0.12,15.56,43.41,39.45,1.15,0.06,0.14,0.10
ASSAM,Goalpara,5.12%,5.62%,72.66%,66.57%,0.36,19.30,68.27,11.25,0.53,0.00,0.29,0.01
ASSAM,Golaghat,29.08%,1.23%,97.57%,83.23%,0.37,25.64,49.71,23.91,0.16,0.04,0.16,0.00
ASSAM,Hailakandi,0.34%,1.27%,94.39%,77.36%,0.10,7.77,80.27,11.81,0.04,0.00,0.02,0.00
ASSAM,HOJAI,91.50%,38.46%,57.69%,89.10%,0.00,1.92,1.28,5.13,45.51,0.64,45.51,0.00
ASSAM,Jorhat,1.85%,5.11%,68.87%,69.32%,1.24,30.25,47.96,15.46,3.91,0.05,1.14,0.00
ASSAM,Kamrup,4.12%,5.12%,72.62%,85.60%,0.23,15.06,34.80,39.52,8.43,0.29,1.65,0.01
ASSAM,Kamrup Metro,0.71%,1.42%,59.45%,65.53%,0.08,19.47,37.93,35.69,4.15,0.04,2.60,0.04
ASSAM,Karbi Anglong,87.37%,55.81%,65.79%,7.29%,0.05,4.03,50.44,38.01,7.43,0.05,0.00,0.00
ASSAM,Karimganj,0.29%,4.79%,61.64%,70.86%,0.07,13.45,72.97,12.14,0.93,0.02,0.39,0.03
ASSAM,Kokrajhar,86.58%,82.04%,85.25%,88.64%,0.04,0.08,13.32,7.56,7.44,0.25,70.89,0.42
ASSAM,Lakhimpur,91.47%,57.44%,79.52%,61.30%,0.06,2.08,46.19,44.36,6.91,0.00,0.37,0.03
ASSAM,Majuli,2.68%,7.38%,71.81%,76.18%,0.34,16.78,55.37,18.12,2.01,0.00,7.38,0.00
ASSAM,Marigaon,0.68%,1.54%,48.49%,66.42%,0.07,0.54,25.84,37.72,31.80,0.61,3.37,0.04
ASSAM,Nagaon,76.28%,20.07%,95.80%,94.25%,0.10,4.05,39.68,37.54,12.47,0.20,5.77,0.18
ASSAM,Nalbari,93.70%,69.69%,71.94%,86.86%,0.55,0.03,10.50,30.33,44.76,0.33,13.25,0.25
ASSAM,Sivasagar,57.98%,10.13%,98.96%,86.90%,0.11,15.23,44.42,39.40,0.71,0.03,0.05,0.05
ASSAM,Sonitpur,94.91%,42.66%,97.52%,50.48%,0.15,0.84,11.13,24.63,62.03,0.23,0.99,0.00
ASSAM,SOUTH SALMARA MANCACHAR,0.58%,6.27%,19.52%,80.01%,0.18,7.37,34.97,52.64,4.49,0.05,0.29,0.02
ASSAM,Tinsukia,72.93%,38.39%,97.52%,98.58%,0.11,7.85,24.60,29.16,3.73,0.37,34.17,0.03
ASSAM,Udalguri,0.28%,0.75%,5.85%,67.97%,0.04,29.12,55.53,15.26,0.02,0.00,0.03,0.00
BIHAR,Araria,31.55%,15.45%,52.91%,49.67%,0.24,0.00,0.06,65.11,34.53,0.00,0.00,0.06
BIHAR,Arwal,38.28%,34.76%,31.97%,95.65%,0.09,0.09,8.44,26.44,8.91,0.09,55.66,0.28
BIHAR,Aurangabad,0.00%,0.00%,0.00%,50.00%,0.00,0.00,0.00,0.00,0.00,0.00,100.00,0.00
BIHAR,Banka,96.84%,92.80%,0.97%,97.44%,0.18,0.03,0.02,15.46,43.36,12.65,27.99,0.31
BIHAR,Begusarai,99.60%,31.94%,5.29%,4.36%,0.26,0.03,0.01,5.51,24.82,9.84,59.32,0.21
BIHAR,Bhagalpur,90.27%,82.37%,55.28%,7.31%,0.08,0.00,0.77,29.72,23.72,3.68,42.02,0.02
BIHAR,Bhojpur,57.43%,46.74%,96.36%,28.42%,0.24,0.13,0.81,7.77,10.74,0.11,79.97,0.23
BIHAR,Buxar,50.05%,34.90%,47.66%,40.66%,0.42,0.06,0.14,17.64,29.31,0.62,51.62,0.20
BIHAR,Darbhanga,49.20%,32.76%,0.43%,29.24%,0.12,0.04,0.15,4.49,4.57,0.34,80.54,9.75
BIHAR,Gaya,0.00%,0.00%,0.00%,0.00%,0.00,0.00,0.00,0.00,0.00,0.00,100.00,0.00
BIHAR,Gopalganj,99.90%,79.46%,97.01%,88.75%,0.05,0.00,0.00,0.13,0.26,3.45,93.09,3.03
BIHAR,Jamui,100.00%,100.00%,0.00%,20.00%,0.00,0.00,20.00,20.00,0.00,0.00,20.00,40.00
BIHAR,Kaimur (Bhabua),58.73%,51.23%,20.58%,75.65%,0.43,0.26,2.31,9.01,7.68,0.26,69.16,10.90
BIHAR,Katihar,59.23%,43.60%,24.50%,22.13%,0.94,3.85,10.05,34.90,36.79,6.27,7.11,0.09
BIHAR,Khagaria,99.96%,0.25%,23.65%,1.64%,0.29,0.00,0.00,0.01,0.19,0.84,97.96,0.71
BIHAR,Kishanganj,100.00%,100.00%,0.00%,0.00%,0.00,100.00,0.00,0.00,0.00,0.00,0.00,0.00
BIHAR,Madhepura,70.67%,39.63%,15.73%,11.37%,0.10,0.07,0.31,13.66,25.58,3.27,56.71,0.31
BIHAR,Madhubani,58.82%,23.53%,0.00%,47.06%,0.00,0.00,5.88,0.00,58.82,0.00,35.29,0.00
BIHAR,Munger,41.73%,30.14%,3.68%,0.50%,0.02,0.00,0.00,5.01,23.50,0.11,71.37,0.00
BIHAR,Muzaffarpur,98.52%,16.03%,13.65%,5.93%,0.19,0.00,0.00,0.05,1.00,0.44,81.25,17.07
BIHAR,Nalanda,57.15%,57.15%,57.15%,28.57%,0.00,0.00,0.00,0.00,14.29,0.00,85.71,0.00
BIHAR,Nawada,50.00%,50.00%,0.00%,0.00%,0.00,0.00,0.00,0.00,0.00,0.00,100.00,0.00
BIHAR,Pashchim Champaran,100.00%,50.00%,0.00%,0.00%,0.00,0.00,0.00,0.00,25.00,0.00,75.00,0.00
BIHAR,Patna,25.37%,10.72%,1.21%,22.32%,0.12,0.03,0.13,12.71,39.05,9.22,38.43,0.31
BIHAR,Purbi Champaran,91.67%,66.66%,8.33%,58.33%,0.00,0.00,0.00,16.67,8.33,0.00,75.00,0.00
BIHAR,Purnia,0.00%,0.00%,0.00%,100.00%,0.00,0.00,0.00,100.00,0.00,0.00,0.00,0.00
BIHAR,Rohtas,22.44%,8.75%,2.38%,1.14%,0.81,0.00,0.01,12.92,31.67,0.51,53.91,0.16
BIHAR,Saharsa,20.00%,20.00%,0.00%,60.00%,0.00,0.00,0.00,20.00,0.00,0.00,60.00,20.00
BIHAR,Samastipur,90.00%,10.00%,0.00%,10.00%,0.00,0.00,0.00,0.00,0.00,0.00,100.00,0.00
BIHAR,Saran,100.00%,44.44%,0.00%,0.00%,0.00,0.00,0.00,0.00,5.56,0.00,94.44,0.00
BIHAR,Sheikhpura,100.00%,57.14%,42.86%,14.29%,0.00,0.00,0.00,0.00,0.00,0.00,100.00,0.00
BIHAR,Sitamarhi,54.98%,22.51%,15.17%,93.04%,0.06,0.00,0.03,9.01,36.25,0.20,54.32,0.12
BIHAR,Siwan,94.91%,42.37%,25.42%,23.73%,0.00,0.00,1.69,1.69,1.69,0.00,62.71,32.20
BIHAR,Supaul,100.00%,100.00%,0.00%,0.00%,0.00,0.00,0.00,0.00,0.00,100.00,0.00,0.00
BIHAR,Vaishali,100.00%,57.14%,42.86%,14.29%,0.00,0.00,0.00,0.00,0.00,0.00,42.86,57.14
CHANDIGRAH,Chandigarh,52.47%,93.70%,34.56%,50.82%,0.01,0.01,0.00,1.18,4.23,2.76,89.45,2.37
CHHATTISGARH,Balod,76.98%,48.03%,50.05%,13.34%,0.16,0.34,1.78,25.97,19.09,2.07,50.37,0.21
CHHATTISGARH,Baloda Bazar,91.03%,33.64%,30.56%,14.01%,0.20,0.24,8.61,37.84,21.89,4.62,26.28,0.32
CHHATTISGARH,Balrampur,81.84%,58.93%,12.11%,21.37%,0.72,14.37,34.31,41.19,6.75,0.22,0.84,1.60
CHHATTISGARH,Bastar,73.40%,52.95%,27.85%,26.85%,1.02,2.16,32.00,49.99,8.83,0.94,5.01,0.05
CHHATTISGARH,Bemetara,44.63%,32.12%,14.40%,22.70%,0.31,0.06,0.60,10.58,27.92,0.19,59.65,0.68
CHHATTISGARH,Bijapur,63.65%,43.02%,20.80%,47.80%,2.19,9.24,21.22,45.18,11.75,0.40,9.48,0.54
CHHATTISGARH,Bilaspur,62.28%,42.54%,24.62%,28.64%,1.92,2.65,9.59,35.72,17.96,4.30,23.80,4.06
CHHATTISGARH,Dantewada,61.02%,55.48%,36.46%,26.94%,0.20,1.44,18.84,62.98,11.42,0.34,4.55,0.23
CHHATTISGARH,Dhamtari,87.91%,43.44%,52.62%,9.72%,0.13,0.69,7.71,42.67,22.87,1.61,23.99,0.34
CHHATTISGARH,Durg,21.18%,4.27%,6.83%,7.68%,0.22,0.16,0.68,26.88,28.57,0.32,43.05,0.11
CHHATTISGARH,Gariyaband,93.46%,38.40%,33.01%,23.17%,0.43,1.31,22.61,48.87,14.50,0.41,10.64,1.25
CHHATTISGARH,Janjgir-Champa,81.97%,48.79%,63.31%,16.65%,0.30,2.00,12.51,53.21,20.84,0.38,10.19,0.58
CHHATTISGARH,Jashpur,71.34%,42.48%,40.53%,39.44%,0.62,25.88,42.61,28.77,1.40,0.11,0.52,0.10
CHHATTISGARH,Kabirdham,70.28%,41.24%,36.64%,12.55%,0.34,0.35,2.64,14.14,15.27,5.90,60.11,1.27
CHHATTISGARH,Kanker,38.55%,59.58%,43.48%,39.10%,0.65,1.98,19.88,42.35,14.94,0.48,18.00,1.71
CHHATTISGARH,Kondagaon,71.00%,67.07%,64.79%,24.55%,1.38,6.48,23.77,58.12,7.66,0.25,2.14,0.20
CHHATTISGARH,Korba,63.67%,43.90%,28.71%,22.96%,0.33,5.57,40.20,42.35,6.88,0.31,4.08,0.27
CHHATTISGARH,Korea,78.75%,53.30%,13.86%,20.56%,0.48,2.65,25.87,58.16,8.79,0.90,2.98,0.18
CHHATTISGARH,Mahasamund,65.86%,52.37%,18.53%,20.85%,0.14,0.43,11.53,54.60,21.29,0.67,11.01,0.33
CHHATTISGARH,Mungeli,72.22%,55.09%,30.84%,10.80%,0.16,0.31,1.72,20.08,17.73,5.95,53.55,0.50
CHHATTISGARH,Narayanpur,69.33%,29.73%,1.17%,37.69%,0.04,0.79,14.34,57.15,18.10,1.13,8.41,0.04
CHHATTISGARH,Raigarh,63.55%,60.43%,34.83%,18.71%,0.15,1.40,17.84,56.99,13.56,1.21,8.75,0.09
CHHATTISGARH,Raipur,87.73%,54.76%,27.29%,16.40%,0.11,0.05,1.59,37.94,27.77,5.17,27.19,0.18
CHHATTISGARH,Rajnandgaon,95.14%,89.54%,45.54%,16.06%,0.05,0.27,3.36,26.87,21.95,9.07,38.32,0.11
CHHATTISGARH,Sukma,72.82%,42.48%,13.90%,48.77%,1.73,7.40,21.76,47.94,16.54,0.04,4.09,0.50
CHHATTISGARH,Surajpur,87.91%,34.44%,21.17%,9.47%,0.86,3.19,26.67,55.14,9.87,0.43,3.59,0.25
CHHATTISGARH,Surguja,77.81%,52.41%,13.42%,7.54%,0.46,4.58,24.38,58.07,9.22,0.79,2.39,0.10
DELHI,North,0.00%,0.00%,100.00%,50.00%,0.00,0.00,0.00,0.00,0.00,0.00,100.00,0.00
DELHI,North West,0.00%,0.00%,100.00%,0.00%,0.00,0.00,0.00,0.00,0.00,0.00,100.00,0.00
DELHI,South West,81.08%,71.18%,49.55%,13.51%,0.00,0.00,0.00,0.00,8.11,0.00,81.98,9.91
GOA,North Goa,34.54%,14.50%,71.89%,22.88%,0.07,3.60,41.15,46.79,4.78,1.85,1.72,0.03
GOA,South Goa,15.29%,3.88%,75.25%,23.29%,0.14,2.82,28.22,62.84,2.93,0.34,2.63,0.09
Gujarat,Ahmadabad,99.98%,32.90%,32.56%,20.02%,16.33,0.00,0.00,0.45,3.07,2.06,77.92,0.17
Gujarat,Amreli,99.74%,33.80%,18.54%,9.80%,0.00,0.00,0.00,0.72,6.84,2.11,90.11,0.21
Gujarat,Anand,96.98%,27.01%,46.32%,44.96%,27.09,0.00,0.02,1.12,3.87,2.97,63.45,1.46
Gujarat,Aravalli,100.00%,43.09%,16.56%,37.15%,0.56,0.05,0.08,0.94,6.58,1.16,89.17,1.45
Gujarat,Banas Kantha,100.00%,33.23%,19.61%,14.92%,0.38,0.00,0.00,0.17,1.32,1.15,96.58,0.41
Gujarat,Bharuch,99.86%,37.94%,17.51%,3.78%,0.00,0.00,0.00,0.60,9.44,3.89,85.19,0.88
Gujarat,Bhavnagar,99.98%,32.66%,18.94%,10.15%,0.07,0.00,0.00,0.33,3.85,2.55,92.30,0.90
Gujarat,Botad,100.00%,41.04%,18.13%,5.04%,0.00,0.00,0.00,0.42,4.49,2.13,92.70,0.26
Gujarat,Chhotaudepur,99.93%,52.41%,16.35%,5.21%,0.12,0.00,0.00,2.77,11.21,3.54,80.34,2.01
Gujarat,Dohad,98.77%,51.89%,7.32%,13.31%,0.01,0.00,0.01,0.63,6.92,3.70,86.74,1.98
Gujarat,Dang,99.96%,16.26%,2.03%,14.94%,0.03,0.00,0.02,2.93,6.70,3.47,77.53,9.32
Gujarat,Devbhumidwarka,99.74%,39.71%,29.63%,26.43%,0.20,0.00,0.00,0.01,0.06,0.16,86.75,12.83
Gujarat,Gandhinagar,99.99%,39.07%,22.10%,8.62%,2.46,0.01,0.02,3.93,13.48,3.80,75.69,0.60
Gujarat,Girsomnath,96.94%,35.64%,10.04%,2.95%,0.14,0.00,0.00,0.56,8.31,2.59,88.25,0.14
Gujarat,Jamnagar,99.89%,16.91%,16.03%,18.76%,0.00,0.00,0.00,0.04,4.03,1.43,93.90,0.60
Gujarat,Junagadh,99.78%,44.02%,12.76%,5.57%,0.22,0.00,0.01,0.24,2.88,4.18,91.57,0.90
Gujarat,Kachchh,100.00%,68.21%,11.29%,8.13%,1.25,0.00,0.01,1.52,2.45,1.63,90.85,2.29
Gujarat,Kheda,100.00%,45.19%,16.67%,16.35%,0.01,0.01,0.01,0.65,6.32,3.13,89.51,0.36
Gujarat,Mahesana,99.90%,66.14%,5.40%,2.17%,0.03,0.00,0.00,3.23,8.00,2.57,85.79,0.37
Gujarat,Mahisagar,100.00%,36.41%,15.58%,2.35%,0.00,0.00,0.00,3.39,13.13,5.27,77.98,0.23
Gujarat,Morbi,99.98%,41.78%,19.65%,5.68%,0.14,0.00,0.00,0.33,4.84,3.14,91.21,0.34
Gujarat,Narmada,99.99%,52.87%,12.19%,3.53%,3.37,0.00,0.00,1.39,4.77,3.15,87.27,0.04
Gujarat,Navsari,98.83%,51.69%,17.52%,6.61%,0.00,0.00,0.04,4.71,9.32,4.04,81.18,0.71
Gujarat,Panch Mahals,99.99%,20.78%,15.68%,17.30%,4.06,0.00,0.01,3.21,12.83,4.09,75.64,0.16
Gujarat,Patan,99.99%,51.07%,23.69%,6.71%,6.91,0.00,0.00,0.97,6.87,1.97,83.02,0.26
Gujarat,Porbandar,99.99%,57.37%,10.44%,1.22%,0.04,0.00,0.00,0.04,6.34,0.61,88.89,4.08
Gujarat,Rajkot,99.82%,49.18%,31.15%,0.89%,0.01,0.00,0.00,0.35,4.08,1.77,92.99,0.81
Gujarat,Sabar Kantha,99.98%,35.58%,25.70%,17.94%,0.01,0.00,0.00,0.81,5.48,1.70,91.03,0.97
Gujarat,Surat,99.50%,47.77%,18.69%,6.09%,0.28,0.00,0.00,0.88,9.90,3.65,84.63,0.67
Gujarat,Surendranagar,99.78%,46.36%,39.00%,7.24%,0.02,0.03,0.17,1.91,3.47,1.48,85.48,7.42
Gujarat,Tapi,99.77%,52.69%,8.57%,6.55%,0.07,0.01,0.03,0.62,18.27,5.55,75.31,0.13
Gujarat,Vadodara,99.97%,43.80%,33.28%,19.87%,10.13,0.00,0.16,1.64,8.14,3.11,76.06,0.76
Gujarat,Valsad,96.56%,55.48%,25.29%,3.26%,0.01,0.00,0.07,7.21,9.11,3.58,79.13,0.89
Haryana,Ambala,100.00%,92.68%,65.85%,52.20%,0.21,0.00,0.01,0.51,2.76,1.49,86.75,8.26
Haryana,Bhiwani,99.99%,98.30%,80.63%,53.60%,0.02,0.00,0.00,0.29,0.51,0.92,94.55,3.71
Haryana,Faridabad,99.90%,99.88%,99.93%,1.95%,0.02,0.00,0.01,0.00,0.00,0.40,98.01,1.57
Haryana,Fatehabad,99.76%,92.82%,79.31%,50.85%,0.43,0.01,0.01,0.37,1.23,0.43,92.13,5.40
Haryana,Gurgaon,97.71%,95.04%,75.81%,56.48%,0.37,0.00,0.01,0.41,0.56,1.28,95.56,1.82
Haryana,Hisar,100.00%,96.77%,62.10%,20.91%,0.05,0.01,0.00,0.11,0.55,2.51,96.53,0.24
Haryana,Jhajjar,100.00%,97.01%,93.51%,23.41%,0.09,0.04,0.00,0.21,1.03,1.34,95.25,2.04
Haryana,Jind,99.97%,98.72%,92.72%,5.59%,0.10,0.00,0.01,0.04,0.35,0.57,93.96,4.96
Haryana,Kaithal,99.20%,97.84%,69.49%,30.48%,0.18,0.00,0.00,0.08,0.60,0.62,76.80,21.71
Haryana,Karnal,100.00%,96.06%,91.67%,54.47%,0.07,0.00,0.00,0.01,0.04,0.13,84.72,15.02
Haryana,Kurukshetra,99.18%,92.66%,96.30%,42.87%,0.09,0.01,0.01,0.22,1.41,1.51,87.87,8.88
Haryana,Mahendragarh,99.75%,88.01%,97.89%,41.60%,0.33,0.04,0.03,0.57,0.83,0.17,87.08,10.95
Haryana,Mewat,99.99%,95.66%,81.22%,31.43%,0.22,0.00,0.00,0.03,0.29,0.77,96.46,2.23
Haryana,Palwal,99.99%,99.27%,99.11%,10.52%,0.03,0.00,0.00,0.01,0.10,0.09,98.76,1.00
Haryana,Panchkula,96.97%,94.57%,36.64%,65.18%,0.01,0.01,0.00,2.27,8.33,3.19,83.14,3.03
Haryana,Panipat,100.00%,97.45%,76.43%,19.61%,0.06,0.01,0.05,0.01,0.06,0.42,97.22,2.17
Haryana,Rewari,100.00%,96.43%,91.82%,74.57%,0.01,0.01,0.00,0.01,0.09,3.57,93.95,2.36
Haryana,Rohtak,99.92%,99.47%,74.47%,42.38%,0.06,0.00,0.00,0.10,0.58,0.98,95.17,3.10
Haryana,Sirsa,99.90%,99.21%,88.25%,22.30%,0.07,0.00,0.00,0.01,0.00,0.01,90.59,9.32
Haryana,Sonipat,99.89%,92.09%,95.83%,31.29%,0.08,0.02,0.01,0.02,0.16,0.44,96.85,2.43
Haryana,Yamunanagar,100.00%,98.05%,81.12%,74.28%,0.04,0.00,0.00,0.95,5.90,2.66,88.91,1.53
Himachal Pradesh,Bilaspur,40.76%,29.60%,47.11%,16.37%,0.06,0.00,0.03,8.53,22.67,0.34,68.09,0.28
Himachal Pradesh,Chamba,30.43%,2.14%,12.01%,7.27%,0.06,0.03,0.23,16.53,23.12,0.62,59.35,0.07
Himachal Pradesh,Hamirpur,24.08%,14.14%,5.38%,4.15%,0.00,0.00,2.14,30.08,37.80,6.18,23.81,0.00
Himachal Pradesh,Kangra,9.73%,10.70%,13.68%,8.11%,0.07,0.00,3.60,80.32,10.85,0.97,3.96,0.23
Himachal Pradesh,Kinnaur,61.52%,4.50%,4.95%,2.95%,0.14,0.00,0.28,5.41,13.20,4.67,75.88,0.42
Himachal Pradesh,Kullu,81.53%,5.41%,32.85%,8.70%,0.00,0.43,5.42,34.99,25.72,6.22,26.93,0.29
Himachal Pradesh,Lahul And Spiti,86.80%,2.30%,15.34%,3.96%,0.00,0.26,2.73,19.99,25.83,6.86,43.90,0.43
Himachal Pradesh,Mandi,98.31%,2.63%,24.32%,8.33%,0.33,0.71,5.64,44.39,25.60,5.50,17.72,0.10
Himachal Pradesh,Shimla,9.61%,7.16%,6.47%,25.93%,0.02,0.07,3.25,35.81,25.88,0.15,34.79,0.03
Himachal Pradesh,Sirmaur,60.85%,18.27%,3.87%,33.14%,0.02,0.11,0.64,21.55,42.80,10.79,23.90,0.19
Himachal Pradesh,Solan,21.31%,7.06%,6.26%,3.98%,0.02,0.06,0.14,16.99,39.33,0.82,42.35,0.29
Himachal Pradesh,Una,34.23%,11.33%,21.48%,26.57%,0.02,0.00,0.00,1.41,11.77,10.27,76.51,0.02
Jammu And Kashmir,Anantnag,24.14%,29.79%,88.78%,34.55%,0.14,0.81,9.40,19.91,36.78,10.10,22.81,0.05
Jammu And Kashmir,Badgam,43.34%,11.44%,14.15%,5.35%,0.03,0.01,0.03,10.05,41.89,14.68,33.12,0.19
Jammu And Kashmir,Bandipora,92.50%,15.89%,10.49%,48.55%,0.08,0.02,0.08,13.86,35.08,0.98,49.79,0.10
Jammu And Kashmir,Baramulla,22.67%,6.98%,67.07%,26.78%,0.50,0.02,1.30,19.48,31.22,0.47,46.81,0.20
Jammu And Kashmir,Doda,17.93%,36.49%,78.71%,13.14%,0.05,0.00,0.03,13.54,26.81,12.35,47.18,0.05
Jammu And Kashmir,Ganderbal,9.91%,4.25%,37.79%,30.99%,0.06,0.02,1.82,20.91,17.51,2.98,56.46,0.23
Jammu And Kashmir,Jammu,35.61%,49.76%,61.85%,60.37%,0.17,0.11,1.02,21.47,29.00,6.71,41.11,0.39
Jammu And Kashmir,Kathua,21.41%,27.86%,25.05%,77.96%,0.16,0.42,0.44,11.95,38.99,1.25,46.49,0.29
Jammu And Kashmir,Kishtwar,9.18%,7.49%,64.32%,5.84%,0.00,0.00,0.00,10.38,20.97,7.16,61.09,0.40
Jammu And Kashmir,Kulgam,23.63%,17.87%,67.67%,47.45%,0.49,0.54,6.00,34.51,27.71,10.36,20.25,0.14
Jammu And Kashmir,Kupwara,37.53%,20.17%,53.38%,31.64%,0.01,0.06,1.85,44.90,22.79,2.36,27.88,0.15
Jammu And Kashmir,Poonch,9.56%,10.06%,77.35%,26.72%,0.00,0.00,0.25,25.39,29.31,3.95,41.03,0.07
Jammu And Kashmir,Pulwama,23.24%,1.92%,18.64%,6.50%,0.15,0.02,0.20,34.84,42.06,2.58,19.84,0.31
Jammu And Kashmir,Rajauri,11.62%,26.26%,24.14%,10.25%,0.17,0.02,0.05,4.86,32.90,20.58,41.35,0.07
Jammu And Kashmir,Ramban,9.90%,12.15%,48.74%,57.67%,0.45,1.99,7.28,38.11,20.23,6.05,25.77,0.12
Jammu And Kashmir,Reasi,13.48%,15.59%,86.05%,51.00%,0.21,0.14,4.26,33.15,17.77,2.09,42.22,0.16
Jammu And Kashmir,Samba,57.78%,70.14%,71.46%,58.99%,0.07,0.12,0.16,6.93,18.52,4.72,67.72,1.77
Jammu And Kashmir,Shopian,8.07%,1.81%,4.13%,18.02%,0.04,0.01,18.26,66.19,11.42,1.19,2.66,0.22
Jammu And Kashmir,Srinagar,3.17%,4.88%,35.22%,4.26%,0.06,0.16,0.49,7.41,19.17,1.30,69.71,1.69
Jammu And Kashmir,Udhampur,18.13%,20.12%,48.86%,56.51%,0.07,0.07,1.68,24.71,40.54,10.63,22.28,0.02
Jharkhand,Bokaro,74.25%,59.98%,73.51%,47.30%,2.27,6.11,33.88,43.89,7.69,0.21,5.27,0.68
Jharkhand,Chatra,64.57%,54.82%,38.08%,36.60%,0.32,0.58,25.55,39.67,8.66,0.90,19.96,4.36
Jharkhand,Dhanbad,6.36%,3.93%,42.95%,50.25%,0.34,7.36,41.81,34.70,7.62,0.17,7.75,0.26
Jharkhand,Dumka,99.61%,52.41%,85.35%,99.73%,0.12,0.66,40.57,56.19,2.20,0.00,0.19,0.08
Jharkhand,East Singhbum,72.06%,48.85%,66.08%,55.90%,0.44,10.31,58.11,25.22,1.61,0.93,3.37,0.00
Jharkhand,Garhwa,4.76%,37.65%,73.81%,82.14%,0.00,4.65,29.07,37.21,2.33,1.16,25.58,0.00
Jharkhand,Giridih,53.22%,36.09%,52.96%,31.67%,3.19,2.78,23.26,55.94,6.96,0.87,6.81,0.19
Jharkhand,Godda,27.97%,17.11%,41.31%,45.84%,2.66,0.28,1.56,45.27,16.90,0.09,32.69,0.55
Jharkhand,Gumla,89.54%,48.51%,61.18%,34.43%,0.23,9.02,59.84,24.79,3.22,1.24,1.56,0.09
Jharkhand,Hazaribagh,56.36%,64.81%,83.63%,32.81%,0.13,15.16,32.38,26.30,9.84,1.94,14.25,0.00
Jharkhand,Jamtara,81.57%,49.00%,74.01%,59.52%,0.18,4.49,42.34,38.21,5.69,1.64,7.24,0.22
Jharkhand,Khunti,59.86%,32.62%,63.98%,20.23%,0.27,7.14,61.13,28.55,2.33,0.04,0.54,0.00
Jharkhand,Koderma,57.49%,60.12%,51.38%,45.88%,0.62,3.38,27.08,49.85,12.92,0.62,5.54,0.00
Jharkhand,Latehar,49.92%,55.06%,75.18%,14.09%,0.11,0.79,18.97,45.66,16.82,2.94,14.61,0.11
Jharkhand,Lohardaga,57.19%,24.60%,53.91%,18.40%,3.10,15.73,63.92,16.81,0.29,0.00,0.07,0.07
Jharkhand,Pakur,86.61%,70.82%,58.14%,95.46%,0.72,0.24,22.84,73.80,1.92,0.00,0.48,0.00
Jharkhand,Palamu,16.09%,9.76%,86.82%,37.40%,0.04,0.04,1.53,12.92,23.56,0.00,60.70,1.20
Jharkhand,Ramgarh,50.00%,50.00%,100.00%,25.00%,0.00,50.00,50.00,0.00,0.00,0.00,0.00,0.00
Jharkhand,Ranchi,55.41%,40.69%,57.27%,15.93%,0.05,5.79,49.84,36.62,4.29,0.72,2.62,0.07
Jharkhand,Sahebganj,18.38%,0.74%,93.38%,69.12%,0.00,11.85,23.70,50.37,9.63,0.00,4.44,0.00
Jharkhand,Saraikela Kharsawan,62.64%,48.94%,90.22%,39.03%,2.20,25.84,44.00,21.96,3.00,0.09,2.73,0.18
Jharkhand,Simdega,67.28%,40.98%,56.22%,50.92%,0.40,1.43,51.78,32.68,4.76,0.00,8.94,0.00
Jharkhand,West Singhbhum,31.24%,33.05%,79.76%,50.29%,1.14,10.71,44.57,38.47,2.60,0.26,2.19,0.06
Karnataka,Bagalkot,39.11%,51.32%,41.25%,7.13%,0.13,0.02,0.14,1.65,1.57,0.52,85.54,10.42
Karnataka,Bangalore Rural,96.44%,43.01%,12.25%,25.74%,0.26,3.47,23.16,36.64,15.03,0.42,20.92,0.11
Karnataka,Belgaum,50.65%,49.41%,46.65%,36.41%,0.14,0.53,1.60,5.56,4.14,2.14,74.52,11.36
Karnataka,Bellary,63.16%,42.25%,11.25%,6.42%,0.20,0.02,0.41,8.33,7.99,2.11,71.70,9.24
Karnataka,Bengaluru Urban,96.99%,52.81%,12.53%,25.02%,0.10,0.19,10.69,30.28,17.60,0.55,40.22,0.37
Karnataka,Bidar,85.10%,43.79%,88.63%,8.62%,0.05,0.00,0.15,7.48,16.16,6.37,69.70,0.10
Karnataka,Bijapur,76.70%,75.32%,52.59%,6.57%,0.43,0.03,0.59,0.50,0.55,0.56,81.33,16.02
Karnataka,Chamarajanagar,12.25%,91.77%,24.67%,17.58%,0.27,0.07,0.89,14.28,12.82,0.28,66.83,4.56
Karnataka,Chikballapur,95.75%,49.49%,28.78%,9.91%,0.13,1.39,8.74,33.20,17.95,0.76,37.33,0.51
Karnataka,Chikmagalur,75.00%,35.91%,20.03%,12.71%,0.06,0.38,12.01,27.95,15.89,0.41,39.90,3.39
Karnataka,Chitradurga,81.14%,62.32%,9.49%,53.38%,0.07,0.01,2.94,29.81,20.37,4.71,41.62,0.46
Karnataka,Dakshin Kannad,100.00%,4.00%,64.96%,94.50%,0.40,0.30,15.29,64.10,15.05,0.46,4.19,0.22
Karnataka,Davangere,70.40%,28.49%,5.73%,8.82%,0.08,0.06,2.64,21.69,17.81,5.61,51.49,0.62
Karnataka,Dharwad,37.28%,42.13%,85.22%,0.53%,0.27,0.01,0.23,5.17,11.91,0.09,49.57,32.76
Karnataka,Gadag,83.25%,54.19%,62.42%,2.26%,0.12,0.02,0.08,0.77,1.27,0.07,73.03,24.65
Karnataka,Gulbarga,93.42%,52.52%,14.04%,8.37%,1.25,0.08,0.23,1.65,3.38,2.73,89.02,1.66
Karnataka,Hassan,24.26%,32.25%,8.97%,32.83%,0.50,3.07,17.51,33.62,13.87,1.17,28.64,1.63
Karnataka,Haveri,72.19%,65.43%,26.83%,10.40%,0.05,0.17,1.31,12.97,14.08,1.49,68.69,1.24
Karnataka,Kodagu,1.05%,11.06%,62.54%,63.35%,0.03,0.11,28.78,66.38,3.19,0.41,1.02,0.09
Karnataka,Kolar,79.77%,81.26%,12.17%,20.83%,0.07,3.23,18.13,36.57,16.44,3.37,21.65,0.54
Karnataka,Koppal,93.51%,66.72%,35.69%,0.89%,0.02,0.03,1.95,10.55,6.26,1.15,64.03,16.02
Karnataka,Mandya,41.85%,26.78%,14.31%,8.02%,0.06,0.04,0.84,27.18,33.32,6.22,32.06,0.29
Karnataka,Mysore,89.49%,36.20%,22.50%,8.22%,0.03,1.06,10.90,33.14,14.54,0.49,38.60,1.24
Karnataka,Raichur,87.79%,23.84%,19.27%,93.53%,3.98,0.39,0.62,1.66,1.24,1.24,78.37,12.50
Karnataka,Ramanagara,79.10%,69.21%,30.12%,22.90%,0.21,1.53,13.20,40.45,21.26,2.86,20.17,0.33
Karnataka,Shimoga,97.03%,41.48%,19.76%,41.42%,0.03,2.03,32.38,50.55,8.87,0.91,5.13,0.10
Karnataka,Tumkur,92.35%,86.18%,51.11%,14.44%,0.13,0.05,2.01,27.48,23.91,8.67,37.55,0.19
Karnataka,Udupi,99.66%,12.61%,24.25%,60.02%,0.24,0.92,46.13,49.92,1.79,0.01,0.91,0.08
Karnataka,Uttar Kannad,76.19%,5.72%,43.29%,54.89%,0.18,3.70,36.81,48.84,6.68,0.25,3.50,0.04
Karnataka,Yadgir,94.21%,60.32%,49.11%,4.95%,0.16,0.15,0.95,8.15,11.58,1.23,74.43,3.34
Kerala,Alappuzha,99.69%,38.06%,18.80%,63.76%,3.11,11.23,15.23,43.15,16.97,2.19,8.02,0.10
Kerala,Ernakulam,100.00%,28.48%,26.36%,31.25%,0.24,8.19,28.92,46.67,12.86,0.20,2.92,0.01
Kerala,Idukki,100.00%,6.34%,45.21%,21.84%,0.22,23.84,55.82,17.57,1.51,0.10,0.85,0.09
Kerala,Kannur,100.00%,22.47%,42.59%,34.66%,0.14,4.46,36.24,43.49,7.69,1.45,6.42,0.10
Kerala,Kasaragod,100.00%,9.66%,66.54%,63.98%,0.18,18.04,64.01,16.30,0.93,0.01,0.50,0.04
Kerala,Kollam,100.00%,15.13%,11.64%,37.20%,0.22,9.04,24.93,44.75,11.44,1.56,8.03,0.04
Kerala,Kottayam,100.00%,9.28%,39.32%,23.84%,1.40,16.86,40.77,34.88,4.18,0.28,1.60,0.03
Kerala,Kozhikode,100.00%,11.82%,44.66%,29.76%,0.01,0.74,35.39,53.44,7.67,1.17,1.55,0.05
Kerala,Malappuram,100.00%,22.08%,43.68%,24.87%,0.07,4.19,27.54,50.48,10.95,1.50,5.20,0.08
Kerala,Palakkad,84.22%,42.60%,49.94%,43.17%,0.11,4.72,34.37,49.97,8.17,0.44,2.07,0.14
Kerala,Pathanamthitta,100.00%,2.70%,16.44%,29.33%,0.13,4.81,26.68,44.09,14.28,2.08,7.83,0.09
Kerala,Thiruvananthapuram,100.00%,33.70%,29.61%,38.20%,0.17,8.78,27.44,38.79,13.91,1.77,8.99,0.16
Kerala,Thrissur,100.00%,17.38%,28.97%,25.08%,0.20,6.04,26.17,49.29,15.89,0.19,2.17,0.05
Kerala,Wayanad,100.00%,4.76%,64.54%,32.55%,0.10,8.07,54.23,32.74,3.32,0.28,1.17,0.08
Ladakh,Kargil,2.10%,12.33%,35.44%,30.68%,0.16,0.48,1.77,6.19,10.04,5.34,74.97,1.04
Ladakh,Leh Ladakh,8.68%,2.79%,16.82%,57.30%,0.18,0.00,0.00,0.18,0.74,0.18,65.62,33.09
Madhya Pradesh,Agar Malwa,91.08%,35.61%,48.83%,9.31%,0.05,0.03,0.11,16.70,16.30,0.82,65.52,0.47
Madhya Pradesh,Alirajpur,57.06%,31.64%,87.94%,15.49%,1.24,2.73,6.20,26.67,11.35,2.50,46.45,2.87
Madhya Pradesh,Anuppur,52.03%,31.17%,31.37%,15.15%,1.09,0.03,4.73,41.56,29.48,4.27,18.59,0.25
Madhya Pradesh,Ashoknagar,98.15%,49.26%,97.49%,29.18%,0.01,0.00,0.06,1.32,5.35,0.07,92.91,0.28
Madhya Pradesh,Balaghat,15.10%,5.90%,35.38%,17.65%,0.04,0.04,0.55,22.67,50.18,3.43,23.04,0.06
Madhya Pradesh,Barwani,58.97%,21.35%,33.49%,14.89%,0.25,0.03,0.24,15.84,15.22,2.60,65.26,0.57
Madhya Pradesh,Betul,93.50%,60.52%,93.48%,6.71%,0.02,0.00,0.00,9.70,34.87,0.72,54.63,0.05
Madhya Pradesh,Bhind,99.90%,96.34%,99.44%,0.75%,0.02,0.06,0.01,0.00,0.02,0.39,99.48,0.03
Madhya Pradesh,Bhopal,68.74%,39.42%,72.05%,16.08%,0.06,0.02,0.04,2.26,14.08,9.33,73.36,0.85
Madhya Pradesh,Burhanpur,84.84%,46.54%,86.46%,4.84%,0.14,0.01,0.09,2.05,7.98,5.75,82.07,1.92
Madhya Pradesh,Chhatarpur,84.61%,56.29%,38.07%,12.53%,0.10,0.07,0.45,9.00,21.12,4.82,63.99,0.44
Madhya Pradesh,Chhindwara,71.58%,39.68%,62.85%,37.96%,0.45,5.03,3.89,28.33,21.86,1.42,38.66,0.36
Madhya Pradesh,Damoh,32.29%,15.37%,60.15%,17.05%,0.12,0.03,0.34,11.27,15.63,8.80,63.04,0.76
Madhya Pradesh,Datia,87.94%,46.27%,43.41%,4.30%,0.08,0.08,0.00,0.40,1.75,0.08,90.95,6.67
Madhya Pradesh,Dewas,99.66%,48.86%,39.12%,0.19%,0.02,0.00,0.00,0.07,17.79,2.05,80.02,0.05
Madhya Pradesh,Dhar,71.89%,38.59%,88.01%,3.12%,0.11,0.02,0.04,6.60,15.42,1.17,76.52,0.11
Madhya Pradesh,Dindori,26.74%,14.85%,94.11%,7.07%,0.17,0.66,6.60,55.07,27.20,0.17,10.11,0.01
Madhya Pradesh,Khandwa,83.14%,15.15%,82.57%,17.01%,0.11,0.02,0.00,0.55,6.61,15.43,77.14,0.13
Madhya Pradesh,Guna,76.88%,12.46%,95.47%,77.89%,0.05,0.06,0.08,3.72,5.09,0.10,90.80,0.10
Madhya Pradesh,Gwalior,99.24%,31.85%,18.29%,0.60%,0.02,0.00,0.11,0.22,11.04,7.51,81.02,0.07
Madhya Pradesh,Harda,81.56%,18.59%,27.07%,3.67%,0.05,0.03,0.02,9.77,32.05,10.64,46.94,0.51
Madhya Pradesh,Hoshangabad,96.71%,38.72%,48.57%,4.25%,0.19,0.04,0.05,2.78,8.60,0.72,87.23,0.41
Madhya Pradesh,Indore,99.82%,76.80%,98.83%,0.30%,0.03,0.00,0.06,7.06,14.89,2.94,74.88,0.15
Madhya Pradesh,Jabalpur,45.06%,24.42%,81.97%,14.00%,0.16,0.02,0.03,12.54,31.63,6.24,49.29,0.08
Madhya Pradesh,Jhabua,64.69%,27.56%,81.75%,8.20%,0.05,0.01,0.00,0.05,7.17,23.60,68.51,0.61
Madhya Pradesh,Katni,72.56%,26.67%,11.61%,15.63%,1.40,0.37,2.30,21.95,17.52,0.51,53.96,2.00
Madhya Pradesh,Khargone,78.16%,34.01%,87.64%,3.34%,0.09,0.02,0.04,1.86,0.99,0.52,96.21,0.26
Madhya Pradesh,Mandla,77.60%,21.32%,66.24%,14.30%,0.12,0.03,0.94,31.10,20.66,22.86,23.91,0.39
Madhya Pradesh,Mandsaur,58.60%,15.99%,70.69%,12.26%,0.98,0.03,0.23,3.78,4.96,0.18,88.32,1.52
Madhya Pradesh,Morena,96.19%,59.64%,27.19%,2.77%,0.08,0.01,0.07,1.79,1.77,0.09,93.88,2.31
Madhya Pradesh,Narsinghpur,90.53%,50.86%,51.30%,18.18%,0.13,0.01,0.24,3.48,5.03,0.13,90.12,0.86
Madhya Pradesh,Neemuch,84.88%,29.62%,18.87%,0.29%,0.01,0.00,0.00,0.64,4.17,0.38,94.74,0.07
Madhya Pradesh,Panna,35.45%,9.14%,80.25%,1.98%,0.05,0.00,0.09,11.36,44.44,1.77,42.13,0.16
Madhya Pradesh,Raisen,94.66%,43.14%,76.11%,15.67%,0.13,1.60,1.89,9.68,7.54,0.23,78.44,0.49
Madhya Pradesh,Rajgarh,78.96%,42.57%,51.65%,4.59%,0.20,0.05,0.09,2.28,3.81,2.84,90.28,0.47
Madhya Pradesh,Ratlam,98.95%,68.43%,91.31%,0.60%,0.10,0.04,0.03,0.29,0.55,0.56,97.82,0.59
Madhya Pradesh,Rewa,75.95%,25.38%,19.29%,8.79%,0.44,0.08,0.15,5.55,13.79,0.01,79.77,0.22
Madhya Pradesh,Sagar,36.40%,22.24%,92.52%,41.91%,0.06,0.01,0.02,0.72,2.05,7.77,89.06,0.32
Madhya Pradesh,Satna,48.50%,30.37%,31.61%,11.35%,0.06,0.04,0.63,12.37,14.03,1.31,69.67,1.90
Madhya Pradesh,Sehore,58.91%,19.22%,90.56%,1.34%,0.12,0.01,0.01,0.01,0.01,0.41,99.30,0.13
Madhya Pradesh,Seoni,47.70%,17.82%,60.80%,14.86%,0.28,0.39,2.66,27.55,25.17,2.73,40.52,0.69
Madhya Pradesh,Shahdol,42.86%,22.44%,92.64%,7.91%,0.16,0.67,5.14,35.12,23.08,4.56,30.76,0.50
Madhya Pradesh,Shajapur,80.66%,26.62%,56.46%,24.00%,1.42,1.80,1.47,21.19,22.46,0.05,51.08,0.53
Madhya Pradesh,Sheopur,88.19%,20.83%,89.76%,7.65%,0.00,0.00,0.00,0.60,2.61,0.34,94.48,1.96
Madhya Pradesh,Shivpuri,83.11%,39.55%,60.49%,17.69%,0.47,0.32,0.83,5.56,7.14,0.05,84.43,1.19
Madhya Pradesh,Sidhi,42.36%,15.40%,26.89%,22.34%,0.34,0.25,0.69,15.99,40.73,0.05,41.39,0.55
Madhya Pradesh,Singrauli,86.15%,54.47%,33.17%,19.95%,0.05,0.10,0.05,40.91,27.89,1.60,29.06,0.34
Madhya Pradesh,Tikamgarh,63.39%,51.57%,52.95%,5.54%,0.03,0.01,0.10,4.27,30.47,9.88,55.10,0.14
Madhya Pradesh,Ujjain,94.00%,34.26%,56.06%,4.06%,0.24,0.01,0.05,1.83,4.44,2.69,89.74,0.99
Madhya Pradesh,Umaria,55.40%,29.27%,58.51%,18.62%,0.36,0.57,1.56,18.09,22.87,1.47,54.18,0.90
Madhya Pradesh,Vidisha,97.86%,37.41%,81.77%,5.84%,0.07,0.02,0.14,3.10,10.75,0.57,85.20,0.15
Maharashtra,Ahmednagar,48.87%,40.78%,41.14%,7.65%,0.13,0.01,0.04,0.82,2.63,0.20,93.58,2.59
Maharashtra,Akola,35.84%,51.16%,7.52%,1.15%,0.13,0.01,0.01,0.18,0.29,0.26,89.00,10.13
Maharashtra,Amravati,63.25%,64.62%,29.94%,0.48%,0.02,0.01,0.02,0.12,1.16,0.24,97.97,0.46
Maharashtra,Aurangabad,50.99%,62.50%,44.42%,3.66%,0.08,0.00,0.01,0.09,0.48,0.28,96.49,2.57
Maharashtra,Beed,88.65%,63.27%,29.66%,3.54%,0.00,0.00,0.00,0.00,0.00,0.00,99.68,0.32
Maharashtra,Bhandara,42.86%,56.14%,25.72%,6.24%,0.08,0.05,4.55,37.09,19.41,0.40,37.04,1.38
Maharashtra,Buldhana,38.93%,49.94%,22.05%,3.86%,0.06,0.00,0.01,1.65,3.22,0.55,93.45,1.06
Maharashtra,Chandrapur,75.85%,87.22%,2.62%,1.24%,0.03,0.27,0.70,24.13,33.66,3.30,37.70,0.20
Maharashtra,Dhule,63.53%,62.10%,19.03%,0.51%,0.02,0.01,0.00,0.67,2.73,0.57,91.91,4.10
Maharashtra,Gadchiroli,52.24%,75.43%,22.26%,1.54%,0.06,0.05,1.23,43.73,17.72,2.68,34.49,0.05
Maharashtra,Gondia,50.26%,81.42%,12.17%,1.00%,0.03,0.16,1.75,16.00,11.13,1.16,69.71,0.06
Maharashtra,Hingoli,35.87%,58.63%,27.46%,0.12%,0.00,0.00,0.00,0.01,0.01,0.02,98.62,1.34
Maharashtra,Jalgaon,93.05%,97.25%,25.60%,0.08%,0.02,0.00,0.00,1.29,2.92,0.81,92.24,2.72
Maharashtra,Jalna,83.74%,58.96%,42.76%,4.47%,0.30,0.01,0.01,0.11,0.58,0.13,97.03,1.83
Maharashtra,Kolhapur,28.77%,34.96%,26.77%,28.38%,0.05,0.49,9.42,22.45,14.22,1.45,51.35,0.58
Maharashtra,Latur,73.97%,74.92%,74.70%,1.40%,0.03,0.00,0.00,0.06,1.71,0.81,96.56,0.82
Maharashtra,Nagpur,19.87%,31.55%,3.63%,7.89%,0.41,0.00,0.04,2.00,4.81,0.51,86.65,5.57
Maharashtra,Nanded,16.37%,29.59%,79.86%,1.59%,0.02,0.00,0.06,0.11,0.66,0.13,98.75,0.27
Maharashtra,Nandurbar,88.84%,76.99%,6.62%,1.60%,0.26,0.08,0.08,2.46,4.81,0.83,90.41,1.07
Maharashtra,Nashik,61.98%,42.31%,11.13%,10.39%,0.22,0.02,0.07,3.13,4.81,0.94,86.31,4.50
Maharashtra,Osmanabad,18.79%,37.49%,73.54%,0.41%,0.03,0.00,0.01,0.04,0.32,0.32,99.13,0.14
Maharashtra,Palghar,17.36%,22.94%,1.92%,0.31%,0.03,0.00,0.03,8.23,33.03,1.52,57.10,0.05
Maharashtra,Parbhani,46.48%,70.08%,54.52%,0.30%,0.06,0.01,0.01,0.10,0.17,0.32,91.10,8.23
Maharashtra,Pune,41.16%,38.27%,47.49%,3.08%,0.11,0.01,0.36,3.58,2.88,0.33,87.74,5.00
Maharashtra,Raigad,28.92%,17.88%,21.70%,6.03%,0.21,1.51,5.34,52.83,25.12,0.51,14.36,0.12
Maharashtra,Ratnagiri,24.90%,19.34%,41.32%,1.01%,0.08,1.03,10.73,50.30,13.50,0.20,24.11,0.04
Maharashtra,Sangli,90.85%,57.96%,18.54%,9.80%,0.03,0.01,0.01,1.80,4.44,1.11,89.79,2.81
Maharashtra,Satara,91.18%,79.07%,30.88%,21.82%,0.18,0.05,0.48,5.24,5.72,0.17,87.14,1.04
Maharashtra,Sindhudurg,9.29%,2.63%,40.09%,21.73%,0.22,3.54,40.12,48.31,3.56,0.32,3.87,0.06
Maharashtra,Solapur,50.74%,63.18%,25.66%,11.49%,0.35,0.01,0.03,0.87,1.84,0.29,92.49,4.11
Maharashtra,Thane,4.74%,5.74%,16.51%,10.33%,0.01,0.00,1.38,26.33,30.13,7.49,34.52,0.13
Maharashtra,Wardha,45.52%,62.58%,6.20%,4.92%,0.10,0.05,0.06,2.62,6.87,0.53,87.41,2.36
Maharashtra,Washim,57.12%,68.46%,44.80%,0.20%,0.01,0.00,0.00,0.15,2.77,1.78,94.15,1.15
Maharashtra,Yavatmal,55.30%,65.27%,11.16%,2.05%,0.09,0.01,0.02,0.86,2.07,0.20,94.85,1.90
Manipur,Bishnupur,100.00%,0.00%,100.00%,100.00%,100.00,0.00,0.00,0.00,0.00,0.00,0.00,0.00
Manipur,Chandel,0.00%,0.00%,100.00%,100.00%,0.00,0.00,100.00,0.00,0.00,0.00,0.00,0.00
Manipur,Tamenglong,100.00%,58.62%,17.24%,100.00%,0.00,0.00,0.00,6.90,31.03,0.00,62.07,0.00
Manipur,Thoubal,0.00%,0.00%,0.00%,100.00%,0.00,0.00,0.00,0.00,100.00,0.00,0.00,0.00
Manipur,Ukhrul,100.00%,0.00%,100.00%,59.26%,0.00,0.00,0.00,22.22,25.93,0.00,51.85,0.00
Meghalaya,East Garo Hills,100.00%,10.60%,94.41%,57.18%,0.05,0.00,0.18,99.77,0.00,0.00,0.00,0.00
Meghalaya,East Jaintia Hills,100.00%,9.83%,87.66%,60.54%,0.00,8.00,78.70,13.22,0.04,0.00,0.00,0.04
Meghalaya,East Khasi Hills,68.75%,3.02%,60.23%,68.47%,0.03,17.53,53.32,28.10,0.65,0.02,0.32,0.03
Meghalaya,North Garo Hills,0.00%,26.55%,84.79%,56.72%,0.50,0.00,0.42,98.07,1.01,0.00,0.00,0.00
Meghalaya,Ri Bhoi,88.89%,3.64%,72.77%,54.99%,0.10,10.12,41.10,48.36,0.29,0.00,0.00,0.03
Meghalaya,South Garo Hills,100.00%,11.10%,94.40%,94.50%,0.12,0.00,0.69,99.02,0.17,0.00,0.00,0.00
Meghalaya,South West Garo Hills,100.00%,15.50%,94.32%,90.63%,0.04,0.22,2.48,97.16,0.11,0.00,0.00,0.00
Meghalaya,South West Khasi Hills,80.00%,1.00%,66.08%,83.55%,0.06,1.05,41.28,57.20,0.18,0.00,0.06,0.18
Meghalaya,West Garo Hills,100.00%,10.98%,97.16%,82.02%,0.02,0.02,0.59,99.36,0.02,0.00,0.00,0.00
Meghalaya,West Jaintia Hills,74.93%,4.23%,64.72%,43.42%,0.06,2.52,68.45,28.61,0.29,0.03,0.00,0.03
Meghalaya,West Khasi Hills,100.00%,2.51%,75.56%,60.36%,0.07,10.98,45.39,43.16,0.39,0.00,0.00,0.00
Mizoram,Aizawl,1.08%,61.51%,99.68%,20.40%,0.00,0.27,73.64,25.61,0.49,0.00,0.00,0.00
Mizoram,Champhai,3.51%,53.89%,99.49%,10.61%,0.03,0.00,41.42,58.24,0.00,0.00,0.31,0.00
Mizoram,Kolasib,16.90%,38.78%,97.24%,12.25%,0.07,0.20,26.69,72.91,0.13,0.00,0.00,0.00
Mizoram,Lawngtlai,28.21%,39.64%,88.23%,27.95%,0.00,0.54,33.96,59.84,5.48,0.00,0.00,0.18
Mizoram,Lunglei,34.69%,42.02%,83.85%,25.36%,0.00,5.98,32.60,58.19,1.02,1.85,0.24,0.12
Mizoram,Mamit,1.91%,22.19%,99.82%,7.36%,0.00,0.09,62.55,36.73,0.55,0.00,0.09,0.00
Mizoram,Saiha,43.34%,37.53%,87.89%,30.51%,0.00,0.73,45.04,53.75,0.24,0.00,0.00,0.24
Mizoram,Serchhip,3.51%,84.36%,99.86%,3.79%,0.07,0.70,86.95,12.28,0.00,0.00,0.00,0.00
Nagaland,Dimapur,5.12%,10.24%,83.12%,46.49%,1.39,13.41,60.92,23.93,0.21,0.07,0.04,0.04
Nagaland,Kiphire,5.79%,5.93%,100.00%,11.03%,0.00,7.13,72.14,20.73,0.00,0.00,0.00,0.00
Nagaland,Kohima,3.73%,2.06%,88.15%,31.56%,0.24,8.60,59.21,30.34,0.87,0.14,0.45,0.14
Nagaland,Longleng,19.76%,5.27%,38.17%,26.19%,0.49,27.65,61.05,10.52,0.10,0.00,0.19,0.00
Nagaland,Mokokchung,8.97%,1.16%,91.45%,26.37%,0.00,5.06,60.44,33.76,0.21,0.00,0.32,0.21
Nagaland,Mon,2.77%,2.04%,84.07%,16.93%,0.12,35.37,48.34,14.93,0.31,0.12,0.50,0.31
Nagaland,Peren,5.02%,3.04%,91.01%,8.57%,0.52,32.29,39.08,25.50,2.19,0.10,0.31,0.00
Nagaland,Phek,1.91%,5.32%,77.85%,19.56%,0.41,9.45,54.73,31.57,2.18,0.37,1.29,0.00
Nagaland,Tuensang,6.87%,8.78%,87.90%,15.08%,0.14,27.52,60.09,11.88,0.14,0.00,0.05,0.19
Nagaland,Wokha,3.89%,4.14%,85.98%,24.15%,0.26,13.49,61.45,24.74,0.00,0.07,0.00,0.00
Nagaland,Zunheboto,0.47%,0.37%,94.61%,20.25%,0.47,35.48,40.59,14.19,3.12,0.76,5.39,0.00
Odisha,Anugul,100.00%,15.15%,79.18%,16.43%,0.02,8.16,34.61,36.12,8.61,0.43,11.75,0.29
Odisha,Balangir,100.00%,21.37%,89.51%,31.08%,0.24,0.00,0.15,43.58,38.37,4.55,13.09,0.02
Odisha,Baleshwar,100.00%,81.63%,45.05%,74.26%,0.00,0.71,18.25,73.18,6.38,0.54,0.92,0.01
Odisha,Bargarh,99.61%,58.65%,48.52%,23.74%,0.11,0.58,10.32,57.71,20.52,1.93,8.67,0.17
Odisha,Bhadrak,89.23%,32.61%,87.18%,80.24%,0.14,1.38,44.62,48.04,4.70,0.09,0.98,0.05
Odisha,Boudh,75.00%,59.66%,58.59%,17.73%,0.00,1.46,11.01,32.30,20.42,4.46,30.35,0.00
Odisha,Cuttack,100.00%,66.82%,50.49%,36.39%,0.18,9.69,38.27,47.35,3.13,0.01,1.34,0.04
Odisha,Deogarh,68.75%,81.93%,55.40%,10.97%,0.06,1.15,19.35,50.81,12.00,5.41,11.04,0.17
Odisha,Dhenkanal,100.00%,78.24%,44.15%,12.26%,1.81,50.02,31.44,13.25,1.64,0.00,1.82,0.02
Odisha,Gajapati,84.95%,46.28%,6.14%,7.57%,0.04,2.74,32.26,48.83,12.24,0.12,3.74,0.04
Odisha,Ganjam,100.00%,27.80%,78.98%,30.77%,0.32,2.95,17.84,43.25,15.60,3.76,16.16,0.13
Odisha,Jagatsinghapur,0.00%,77.83%,71.78%,39.19%,0.00,0.53,43.01,55.39,0.76,0.02,0.28,0.00
Odisha,Jajapur,89.29%,75.34%,72.96%,79.34%,0.21,7.30,45.02,41.08,3.72,0.01,2.61,0.05
Odisha,Jharsuguda,100.00%,65.22%,68.73%,67.48%,0.41,37.58,45.32,16.33,0.28,0.02,0.06,0.00
Odisha,Kalahandi,96.88%,59.02%,49.43%,1.63%,0.02,0.03,5.73,73.23,14.68,0.95,5.35,0.02
Odisha,Kandhamal,100.00%,91.64%,97.66%,11.76%,0.00,0.13,20.17,68.62,6.57,0.98,3.41,0.13
Odisha,Kendrapara,100.00%,55.27%,70.00%,35.30%,0.22,21.40,61.23,15.94,0.82,0.01,0.31,0.07
Odisha,Kendujhar,100.00%,72.51%,89.88%,81.62%,0.02,0.03,1.98,88.21,6.83,0.02,2.90,0.01
Odisha,Khordha,100.00%,82.43%,64.16%,38.56%,0.16,13.40,53.76,22.66,3.21,0.02,6.77,0.02
Odisha,Koraput,54.93%,57.15%,86.65%,12.00%,0.08,1.76,23.95,69.42,3.34,0.10,1.31,0.05
Odisha,Malkangiri,100.00%,68.63%,10.29%,40.59%,0.04,0.29,36.58,53.54,6.31,0.51,2.60,0.14
Odisha,Mayurbhanj,94.44%,44.00%,97.47%,50.16%,0.06,11.92,63.24,19.51,3.56,0.33,1.33,0.05
Odisha,Nabarangpur,100.00%,84.38%,71.91%,24.01%,0.25,9.40,57.49,31.52,0.50,0.00,0.76,0.08
Odisha,Nayagarh,100.00%,81.59%,92.02%,30.20%,0.02,0.98,36.08,44.89,8.07,0.10,9.86,0.00
Odisha,Nuapada,100.00%,62.12%,87.67%,4.89%,0.04,1.73,5.51,44.85,38.46,3.20,6.19,0.02
Odisha,Puri,95.58%,82.02%,80.46%,65.38%,0.40,12.54,64.33,21.16,0.93,0.04,0.56,0.05
Odisha,Rayagada,100.00%,77.09%,96.58%,44.57%,0.41,19.00,42.65,30.22,5.02,0.04,2.60,0.06
Odisha,Sambalpur,95.00%,77.03%,63.65%,13.31%,0.05,1.41,16.45,55.33,15.13,2.83,8.74,0.06
Odisha,Sonepur,100.00%,99.96%,8.37%,26.21%,0.02,0.01,1.08,42.08,26.83,5.09,24.82,0.08
Odisha,Sundargarh,100.00%,30.60%,47.20%,34.19%,0.04,1.77,31.20,53.94,12.62,0.29,0.09,0.05
Puducherry,Karaikal,100.00%,0.00%,52.11%,50.83%,0.00,0.00,5.19,42.80,18.12,1.96,31.54,0.39
Puducherry,Pondicherry,98.54%,0.00%,99.87%,28.28%,0.06,0.03,0.50,6.80,7.02,3.41,71.20,10.99
Punjab,Amritsar,100.00%,91.05%,81.52%,57.45%,1.30,0.00,0.02,0.17,1.07,1.63,83.05,12.76
Punjab,Barnala,55.53%,61.33%,83.69%,75.32%,0.90,0.01,0.04,1.29,1.70,0.40,83.11,12.55
Punjab,Bathinda,94.12%,89.83%,63.97%,13.49%,0.03,0.00,0.00,0.01,0.03,1.78,89.27,8.88
Punjab,Faridkot,100.00%,93.33%,55.22%,12.28%,0.00,0.00,0.00,0.01,0.00,0.02,99.65,0.32
Punjab,Fatehgarh Sahib,100.00%,81.25%,54.99%,31.53%,0.53,0.02,0.01,0.01,0.00,0.63,96.78,2.04
Punjab,Fazilka,100.00%,91.52%,62.21%,23.91%,0.00,0.00,0.00,0.00,0.00,0.40,95.96,3.63
Punjab,Firozepur,100.00%,90.66%,57.64%,11.09%,0.03,0.00,0.00,0.00,0.00,0.99,93.21,5.77
Punjab,Gurdaspur,48.38%,97.90%,58.55%,37.75%,0.02,0.01,0.01,0.28,0.15,2.72,90.04,6.78
Punjab,Hoshiarpur,100.00%,91.13%,56.01%,48.89%,0.00,0.00,0.00,0.00,0.00,0.51,98.65,0.84
Punjab,Jalandhar,100.00%,96.12%,82.25%,47.43%,0.00,0.00,0.00,0.00,0.01,0.23,90.49,9.27
Punjab,Kapurthala,100.00%,78.53%,64.30%,13.44%,0.20,0.00,0.01,0.11,0.17,0.21,86.67,12.64
Punjab,Ludhiana,100.00%,90.06%,80.99%,79.29%,0.00,0.00,0.00,0.03,2.21,0.59,90.74,6.42
Punjab,Mansa,60.00%,93.07%,68.70%,9.25%,0.01,0.00,0.00,0.13,0.30,0.74,95.03,3.79
Punjab,Moga,100.00%,97.74%,77.61%,39.11%,0.50,0.00,0.00,0.24,0.37,0.57,87.17,11.15
Punjab,Muktsar,100.00%,87.21%,61.43%,8.02%,0.04,0.03,0.06,0.70,0.16,0.31,92.87,5.84
Punjab,Nawanshahr,93.75%,96.88%,90.71%,23.60%,0.03,0.00,0.00,0.01,0.01,1.36,86.55,12.05
Punjab,Pathankot,100.00%,97.53%,60.77%,22.04%,0.03,0.00,0.00,0.00,0.00,1.00,94.25,4.71
Punjab,Patiala,100.00%,92.64%,58.72%,34.35%,0.08,0.01,0.01,0.03,0.00,0.17,93.88,5.82
Punjab,Rupnagar,100.00%,92.42%,64.77%,51.06%,0.01,0.00,0.00,0.00,0.00,1.50,96.66,1.83
Punjab,S.A.S Nagar,7.97%,92.82%,32.47%,36.46%,0.00,0.00,0.00,0.09,0.12,2.32,95.76,1.71
Punjab,Sangrur,100.00%,95.28%,54.97%,6.16%,0.02,0.00,0.00,0.00,0.01,1.44,91.96,6.57
Punjab,Tarn Taran,100.00%,92.91%,58.77%,29.85%,0.00,0.00,0.00,0.00,0.00,1.12,88.83,10.05
Rajasthan,Ajmer,100.00%,86.82%,31.30%,8.57%,0.02,0.01,0.00,0.00,0.02,0.26,93.69,6.00
Rajasthan,Alwar,100.00%,98.20%,12.86%,19.30%,0.04,0.00,0.01,0.00,0.01,0.26,86.43,13.26
Rajasthan,Banswara,87.50%,58.00%,24.42%,8.81%,0.06,0.02,0.01,1.23,5.04,1.21,92.05,0.39
Rajasthan,Baran,0.00%,47.65%,19.24%,19.93%,0.05,0.00,0.02,1.09,3.30,0.20,93.72,1.62
Rajasthan,Barmer,0.00%,98.01%,20.09%,9.03%,0.06,0.00,0.01,0.01,0.01,0.05,68.30,31.56
Rajasthan,Bharatpur,100.00%,77.19%,38.19%,10.36%,0.04,0.01,0.02,0.33,0.71,5.55,84.69,8.65
Rajasthan,Bhilwara,100.00%,63.13%,27.46%,1.41%,0.06,0.00,0.01,0.06,0.17,1.59,89.03,9.08
Rajasthan,Bikaner,0.00%,97.94%,52.37%,1.21%,0.07,0.01,0.01,0.03,0.02,0.05,82.31,17.53
Rajasthan,Bundi,0.00%,43.62%,6.53%,3.23%,0.04,0.00,0.02,0.12,0.39,0.36,92.73,6.33
Rajasthan,Chittorgarh,0.00%,42.95%,6.13%,1.48%,0.03,0.01,0.01,0.02,0.04,0.84,97.51,1.55
Rajasthan,Churu,0.00%,99.36%,96.03%,1.61%,0.02,0.00,0.02,0.00,0.03,0.06,91.60,8.25
Rajasthan,Dausa,0.00%,95.07%,21.56%,3.55%,0.08,0.01,0.06,0.16,0.26,0.68,88.70,10.06
Rajasthan,Dholpur,100.00%,93.23%,25.04%,23.24%,0.02,0.02,0.00,0.00,0.07,0.24,91.44,8.20
Rajasthan,Dungarpur,100.00%,45.44%,12.03%,7.67%,0.04,0.00,0.00,0.08,0.66,0.46,98.68,0.07
Rajasthan,Ganganagar,100.00%,94.83%,24.63%,1.99%,0.07,0.01,0.01,0.02,0.02,0.12,90.54,9.20
Rajasthan,Hanumangarh,100.00%,96.92%,31.83%,6.95%,0.03,0.00,0.01,0.01,0.00,0.02,83.61,16.32
Rajasthan,Jaipur,83.34%,85.78%,29.27%,26.09%,0.12,0.00,0.00,0.03,0.08,0.41,81.90,17.46
Rajasthan,Jaisalmer,0.00%,99.77%,0.51%,1.03%,0.02,0.00,0.00,0.01,0.00,0.05,33.61,66.30
Rajasthan,Jalore,0.00%,91.55%,10.96%,11.55%,0.04,0.00,0.01,0.03,0.17,0.23,55.16,44.35
Rajasthan,Jhalawar,0.00%,65.10%,15.45%,5.02%,0.04,0.00,0.02,0.00,0.01,0.09,91.14,8.71
Rajasthan,Jhunjhunu,0.00%,91.67%,8.55%,23.06%,0.08,0.01,0.02,0.02,0.03,0.32,56.36,43.15
Rajasthan,Jodhpur,100.00%,94.53%,6.83%,5.56%,0.06,0.00,0.00,0.03,0.12,0.17,48.53,51.09
Rajasthan,Karauli,0.00%,56.11%,20.03%,6.33%,0.00,0.01,0.04,0.22,0.61,2.46,86.24,10.40
Rajasthan,Kota,100.00%,52.33%,20.33%,2.63%,0.25,0.02,0.01,0.09,0.19,0.14,95.37,3.94
Rajasthan,Nagaur,100.00%,94.00%,30.92%,12.83%,0.13,0.01,0.01,0.07,0.14,0.14,67.13,32.38
Rajasthan,Pali,88.89%,91.36%,16.82%,1.28%,0.11,0.03,0.06,0.18,0.45,0.22,80.91,18.04
Rajasthan,Pratapgarh,0.00%,64.72%,4.91%,2.94%,0.00,0.00,0.00,0.14,5.44,0.09,94.17,0.16
Rajasthan,Rajsamand,0.00%,55.97%,19.52%,4.01%,0.03,0.00,0.01,0.39,2.00,2.22,81.49,13.86
Rajasthan,Sawai Madhopur,0.00%,94.47%,39.06%,1.76%,0.02,0.03,0.00,0.05,0.13,1.03,96.64,2.11
Rajasthan,Sikar,0.00%,97.65%,18.76%,35.34%,0.03,0.00,0.01,0.01,0.02,0.05,66.77,33.11
Rajasthan,Sirohi,100.00%,73.47%,4.32%,1.37%,0.09,0.01,0.01,0.21,0.31,1.60,77.93,19.85
Rajasthan,Tonk,100.00%,91.53%,4.06%,8.29%,0.04,0.00,0.01,0.01,0.24,0.24,78.77,20.69
Rajasthan,Udaipur,100.00%,48.05%,32.12%,3.29%,0.01,0.00,0.00,0.46,1.26,5.24,87.97,5.05
Sikkim,East District,28.06%,0.21%,42.82%,2.36%,0.06,1.26,8.11,68.86,15.33,2.76,3.56,0.06
Sikkim,North District,37.07%,0.15%,54.11%,1.35%,0.00,0.00,4.19,61.29,19.43,5.53,9.42,0.15
Sikkim,South District,27.70%,0.56%,33.83%,4.48%,0.05,0.13,9.42,88.12,2.12,0.03,0.00,0.13
Sikkim,West District,27.18%,0.21%,46.37%,4.58%,0.00,0.03,5.26,67.57,18.74,3.67,4.58,0.15
Tamil Nadu,Ariyalur,99.93%,76.59%,41.61%,66.37%,0.29,0.03,1.59,7.60,8.44,3.25,76.40,2.41
Tamil Nadu,Coimbatore,99.56%,93.66%,98.47%,6.19%,0.62,0.03,0.18,4.62,5.34,5.06,83.02,1.15
Tamil Nadu,Cuddalore,99.83%,97.41%,40.90%,54.78%,0.18,0.51,4.11,10.62,16.05,4.08,63.38,1.07
Tamil Nadu,Dharmapuri,99.70%,98.40%,54.10%,34.98%,0.27,0.00,0.00,2.83,3.86,3.47,88.09,1.48
Tamil Nadu,Dindigul,89.68%,83.32%,32.92%,8.02%,0.03,0.00,0.35,3.28,3.08,5.54,86.34,1.38
Tamil Nadu,Erode,98.75%,88.88%,86.83%,22.47%,0.07,0.12,0.49,3.22,6.62,2.28,85.67,1.51
Tamil Nadu,Kanchipuram,99.68%,92.48%,12.49%,68.08%,1.19,0.01,0.42,12.05,16.46,6.43,62.78,0.66
Tamil Nadu,Kanniyakumari,95.01%,76.11%,45.07%,58.18%,0.12,5.95,21.13,53.90,9.53,1.66,7.70,0.01
Tamil Nadu,Karur,98.43%,40.63%,66.15%,18.58%,1.02,0.05,0.13,2.28,3.18,1.58,89.89,1.88
Tamil Nadu,Krishnagiri,99.09%,93.24%,48.94%,31.74%,0.47,0.03,0.54,23.88,17.33,5.56,51.69,0.50
Tamil Nadu,Madurai,95.98%,53.02%,27.61%,26.55%,0.40,0.15,1.73,8.87,8.54,0.67,75.74,3.90
Tamil Nadu,Nagapattinam,99.87%,69.62%,8.10%,29.83%,0.82,0.04,0.61,17.90,22.35,5.06,50.20,3.02
Tamil Nadu,Namakkal,95.45%,86.28%,53.62%,23.09%,0.10,0.01,1.01,4.13,3.05,0.43,81.68,9.58
Tamil Nadu,Perambalur,99.93%,77.07%,87.73%,21.22%,0.04,0.01,0.02,0.11,0.74,0.37,92.09,6.62
Tamil Nadu,Pudukkottai,98.90%,86.40%,42.91%,63.32%,0.19,0.67,6.45,32.83,14.40,1.99,42.15,1.32
Tamil Nadu,Ramanathapuram,99.71%,85.43%,38.52%,14.50%,1.33,0.64,6.65,20.53,8.87,0.63,56.36,4.99
Tamil Nadu,Salem,95.33%,94.79%,80.58%,16.95%,0.97,0.02,0.90,5.19,3.88,2.56,84.30,2.19
Tamil Nadu,Sivaganga,98.34%,94.43%,33.06%,17.11%,0.74,0.72,7.86,38.78,14.55,2.43,33.66,1.26
Tamil Nadu,Thanjavur,99.49%,54.88%,8.84%,65.25%,0.51,0.01,0.30,10.83,14.24,8.41,65.23,0.48
Tamil Nadu,The Nilgiris,96.57%,24.44%,29.43%,55.89%,1.84,12.90,40.73,37.77,4.24,0.52,1.81,0.18
Tamil Nadu,Theni,99.85%,99.79%,64.70%,22.68%,0.10,0.01,0.11,6.36,6.42,2.45,84.13,0.42
Tamil Nadu,Thiruvallur,99.83%,84.10%,24.09%,40.56%,0.28,0.02,0.28,24.24,31.86,6.88,36.25,0.18
Tamil Nadu,Thiruvarur,99.95%,80.80%,22.24%,28.53%,0.27,0.01,0.01,12.90,21.28,4.69,59.94,0.89
Tamil Nadu,Tiruchirappalli,99.93%,87.74%,59.10%,18.10%,0.04,0.01,0.36,3.58,5.61,1.78,83.00,5.63
Tamil Nadu,Tirunelveli,99.38%,84.61%,18.44%,18.31%,0.06,0.49,5.80,15.87,11.31,3.49,61.03,1.96
Tamil Nadu,Tiruppur,96.79%,73.67%,76.93%,8.54%,0.06,0.12,0.23,0.91,1.20,2.10,89.99,5.41
Tamil Nadu,Tiruvannamalai,94.51%,88.04%,64.07%,61.89%,0.09,0.00,0.00,2.44,13.35,8.89,74.90,0.33
Tamil Nadu,Tuticorin,99.93%,77.50%,74.04%,8.48%,0.29,0.08,2.34,5.03,4.88,0.43,84.89,2.05
Tamil Nadu,Vellore,89.36%,71.93%,80.04%,29.65%,0.17,0.05,0.32,4.49,7.42,0.42,81.96,5.17
Tamil Nadu,Villupuram,99.42%,73.87%,35.16%,48.65%,1.18,0.03,0.29,6.75,9.58,5.04,76.46,0.69
Tamil Nadu,Virudhunagar,99.08%,89.10%,73.53%,14.59%,0.21,0.11,1.52,3.97,3.14,1.01,81.21,8.82
Telangana,Adilabad,81.39%,93.29%,96.50%,37.11%,0.06,0.00,0.05,3.53,10.00,0.39,85.19,0.79
Telangana,BHADRADRI KOTHAGUDEM,69.01%,37.33%,57.33%,24.00%,22.97,0.00,16.22,31.08,10.81,1.35,17.57,0.00
Telangana,Jagitial,75.96%,76.77%,20.54%,28.74%,0.11,0.04,0.57,5.62,9.09,2.53,80.18,1.85
Telangana,JANGOAN,81.42%,62.08%,21.26%,16.77%,0.10,0.00,0.00,31.60,43.96,0.23,24.05,0.06
Telangana,JAYASHANKAR BHUPALAPALLY,80.26%,61.81%,27.49%,12.70%,0.00,0.97,0.00,1.45,4.35,2.90,89.86,0.48
Telangana,JOGULAMBA GADWAL,90.40%,48.68%,16.55%,41.87%,0.00,0.00,0.67,16.85,6.97,0.22,72.36,2.92
Telangana,KAMAREDDY,70.98%,50.76%,29.48%,25.93%,0.00,0.43,3.88,12.07,3.88,34.48,44.83,0.43
Telangana,Karimnagar,63.48%,73.36%,5.65%,3.41%,0.05,0.02,0.52,6.60,7.29,1.60,83.53,0.39
Telangana,Khammam,96.26%,57.86%,26.61%,45.77%,0.25,0.00,1.24,13.68,6.47,1.00,77.11,0.25
Telangana,KUMURAM BHEEM ASIFABAD,69.83%,85.31%,40.46%,13.30%,0.11,0.01,0.02,6.16,11.07,0.74,80.57,1.32
Telangana,MAHABUBABAD,82.77%,57.25%,31.78%,24.06%,0.00,0.00,4.55,40.91,31.82,4.55,18.18,0.00
Telangana,Mahbubnagar,96.01%,56.46%,0.57%,11.22%,0.85,0.00,1.42,22.41,0.85,1.42,72.48,0.57
Telangana,MANCHERIAL,67.44%,74.19%,30.07%,9.18%,0.37,0.01,0.12,3.82,8.39,0.66,85.23,1.38
Telangana,Medak,96.90%,23.58%,7.58%,0.68%,0.00,0.00,0.00,18.07,21.51,7.57,52.84,0.00
Telangana,MEDCHAL MALKAJGIRI,87.66%,48.08%,8.48%,22.94%,0.00,0.00,0.00,0.00,20.00,0.00,80.00,0.00
Telangana,Mulugu,86.66%,86.67%,26.66%,13.33%,0.00,6.67,6.67,13.33,13.33,6.67,53.33,0.00
Telangana,NAGARKURNOOL,78.35%,58.92%,9.50%,20.47%,0.00,3.85,11.54,7.69,34.62,0.00,42.31,0.00
Telangana,Nalgonda,42.48%,59.78%,24.06%,7.14%,0.38,0.00,0.00,7.92,4.15,1.51,85.66,0.38
Telangana,NARAYANAPET,90.68%,52.24%,12.87%,21.12%,1.30,0.37,2.61,37.24,10.24,1.30,45.07,1.86
Telangana,Nirmal,66.81%,76.83%,54.46%,31.88%,0.08,0.00,0.03,6.33,18.19,0.27,72.83,2.28
Telangana,Nizamabad,99.67%,99.11%,1.00%,75.51%,0.00,0.00,0.00,0.04,0.47,0.00,99.48,0.00
Telangana,PEDDAPALLI,71.78%,71.53%,20.94%,13.51%,0.12,0.00,0.06,1.64,6.79,4.00,86.96,0.42
Telangana,RAJANNA SIRCILLA,82.37%,60.39%,11.51%,23.71%,0.11,0.04,0.42,4.15,7.88,1.60,84.36,1.45
Telangana,Rangareddi,96.55%,60.52%,3.88%,43.04%,0.48,0.00,0.97,9.21,13.25,1.29,73.34,1.45
Telangana,SANGAREDDY,89.30%,47.87%,11.04%,23.54%,0.00,0.00,0.60,6.02,17.47,4.22,65.66,6.02
Telangana,SIDDIPET,80.83%,55.16%,13.83%,13.01%,0.00,0.02,2.23,5.59,8.66,3.34,77.46,2.70
Telangana,SURYAPET,69.37%,58.82%,25.34%,26.46%,0.44,0.00,0.00,17.90,12.23,0.00,69.43,0.00
Telangana,VIKARABAD,94.41%,56.41%,5.77%,25.13%,0.00,0.00,0.00,5.19,12.59,0.37,77.78,4.07
Telangana,WANAPARTHY,91.35%,57.26%,6.31%,20.39%,0.00,0.00,0.00,38.46,7.69,0.00,53.85,0.00
Telangana,Warangal Rural,89.60%,66.13%,24.82%,12.03%,0.00,0.00,0.00,39.29,14.29,10.71,35.71,0.00
Telangana,WARANGAL URBAN,96.43%,75.00%,17.85%,0.00%,0.16,0.00,0.16,10.68,5.18,1.73,81.63,0.47
Telangana,WARANGAL,93.01%,70.56%,21.33%,6.01%,0.08,0.00,0.08,24.99,9.74,6.22,58.67,0.24
Telangana,YADADRI BHUVANAGIRI,69.52%,60.15%,13.97%,25.09%,4.17,0.00,0.00,29.17,25.00,0.00,33.33,8.33
The Dadra And Nagar Haveli And Daman And Diu,Dadra And Nagar Haveli,0.00%,38.35%,69.95%,0.72%,0.00,0.00,4.94,31.12,14.77,0.27,48.45,0.45
Tripura,Dhalai,50.00%,21.91%,46.54%,81.15%,0.28,2.52,63.64,33.20,0.00,0.00,0.00,0.35
Tripura,Gomati,63.26%,38.93%,54.65%,74.36%,0.20,5.72,49.29,36.71,2.99,1.59,2.86,0.63
Tripura,Khowai,15.39%,18.72%,51.77%,87.15%,1.33,1.51,55.47,40.78,0.07,0.00,0.00,0.84
Tripura,North Tripura,100.00%,25.89%,52.98%,85.18%,0.18,4.10,63.92,31.73,0.00,0.00,0.00,0.08
Tripura,Sepahijala,64.82%,25.04%,54.93%,81.97%,0.53,3.57,55.90,40.01,0.00,0.00,0.00,0.00
Tripura,South Tripura,50.00%,16.37%,58.62%,82.06%,1.26,2.55,60.50,35.61,0.00,0.00,0.02,0.05
Tripura,Unakoti,5.88%,13.70%,55.08%,88.29%,0.00,7.43,59.19,33.38,0.00,0.00,0.00,0.00
Tripura,West Tripura,20.70%,14.89%,56.48%,87.33%,0.71,2.85,55.96,40.07,0.11,0.00,0.06,0.24
Uttar Pradesh,Agra,99.60%,93.61%,90.55%,4.03%,2.13,0.02,0.00,0.04,0.03,5.02,92.46,0.29
Uttar Pradesh,Aligarh,97.60%,96.48%,98.21%,7.72%,0.03,0.01,0.00,0.29,1.03,6.75,91.51,0.38
Uttar Pradesh,Allahabad,97.36%,95.73%,96.47%,5.40%,3.71,0.01,0.00,0.02,0.04,4.32,91.74,0.15
Uttar Pradesh,Ambedkar Nagar,99.82%,97.74%,94.62%,38.02%,0.26,0.04,0.01,0.36,1.55,3.25,94.42,0.10
Uttar Pradesh,Amethi,53.30%,89.36%,97.58%,22.16%,1.56,0.02,0.48,2.33,21.88,3.55,69.06,1.12
Uttar Pradesh,Amroha,99.81%,91.16%,93.27%,24.08%,0.16,0.02,0.00,1.83,2.12,12.12,83.51,0.24
Uttar Pradesh,Auraiya,99.88%,95.28%,96.43%,1.02%,0.06,0.00,0.00,0.00,0.00,6.45,93.39,0.09
Uttar Pradesh,Ayodhya,99.83%,98.64%,98.87%,2.55%,0.08,0.05,0.01,0.28,4.42,0.20,94.68,0.28
Uttar Pradesh,Azamgarh,99.53%,81.67%,93.51%,31.25%,0.35,0.00,0.00,0.02,0.01,0.60,98.91,0.10
Uttar Pradesh,Baghpat,99.93%,94.11%,93.62%,58.60%,0.23,0.02,0.01,0.03,0.55,1.16,97.69,0.31
Uttar Pradesh,Bahraich,99.90%,91.50%,99.54%,0.62%,0.07,0.02,0.01,2.35,5.97,4.58,86.78,0.22
Uttar Pradesh,Ballia,100.00%,99.16%,99.70%,34.61%,0.02,0.00,0.00,0.00,0.00,6.55,93.36,0.05
Uttar Pradesh,Balrampur,99.73%,83.73%,94.20%,48.42%,0.07,0.02,0.00,0.05,1.72,16.23,81.88,0.04
Uttar Pradesh,Banda,99.82%,92.42%,93.35%,58.01%,0.12,0.01,0.00,0.91,2.35,35.70,60.83,0.07
Uttar Pradesh,Barabanki,98.84%,95.53%,95.71%,27.81%,0.74,0.12,0.06,2.43,8.81,4.75,82.59,0.50
Uttar Pradesh,Bareilly,99.90%,93.03%,77.87%,48.66%,0.14,0.03,0.07,0.64,1.91,7.73,89.19,0.28
Uttar Pradesh,Basti,99.80%,95.13%,96.93%,5.96%,1.51,0.16,0.05,2.60,10.23,11.71,71.87,1.87
Uttar Pradesh,Bijnor,99.37%,93.29%,97.45%,24.84%,0.10,0.02,0.00,0.36,0.68,5.04,93.56,0.23
Uttar Pradesh,Budaun,99.76%,64.52%,72.88%,39.82%,2.84,0.02,0.03,1.14,13.60,12.10,70.09,0.18
Uttar Pradesh,Bulandshahr,99.75%,93.27%,98.36%,16.54%,1.18,0.01,0.01,1.20,4.81,3.81,87.78,1.20
Uttar Pradesh,Chandauli,98.59%,97.24%,98.45%,24.52%,0.01,0.01,0.00,0.04,3.52,5.79,90.56,0.05
Uttar Pradesh,Chitrakoot,99.77%,79.04%,97.08%,47.93%,0.04,0.01,0.00,0.00,0.82,17.68,81.37,0.07
Uttar Pradesh,Deoria,99.61%,84.71%,95.11%,7.00%,1.09,0.02,0.01,0.10,0.54,9.65,88.49,0.10
Uttar Pradesh,Etah,99.79%,96.14%,99.47%,0.78%,0.11,0.02,0.01,0.88,1.63,0.33,95.70,1.33
Uttar Pradesh,Etawah,99.58%,97.42%,98.32%,31.66%,0.05,0.01,0.00,0.01,0.09,1.46,98.16,0.22
Uttar Pradesh,Farrukhabad,99.96%,96.30%,94.44%,4.95%,0.77,0.01,0.07,0.00,0.00,5.22,93.77,0.16
Uttar Pradesh,Fatehpur,98.11%,97.07%,93.92%,4.20%,4.85,0.01,0.00,0.22,0.04,7.87,86.93,0.08
Uttar Pradesh,Firozabad,98.61%,93.18%,80.30%,18.85%,0.69,0.01,0.03,0.03,3.08,1.38,94.31,0.47
Uttar Pradesh,Gautam Buddha Nagar,99.85%,79.94%,97.91%,12.60%,0.01,0.00,0.09,0.01,0.35,0.04,99.29,0.19
Uttar Pradesh,Ghaziabad,99.94%,85.03%,95.02%,10.09%,0.10,0.01,0.01,0.02,0.37,1.90,97.26,0.34
Uttar Pradesh,Ghazipur,99.84%,92.96%,97.16%,42.68%,0.06,0.02,0.01,0.01,0.06,2.32,97.40,0.11
Uttar Pradesh,Gonda,97.52%,95.44%,95.20%,49.47%,0.47,0.03,0.01,0.52,0.32,3.72,94.13,0.80
Uttar Pradesh,Gorakhpur,99.87%,78.73%,97.51%,38.70%,2.49,0.03,0.01,0.27,2.60,8.00,86.19,0.41
Uttar Pradesh,Hamirpur,99.94%,87.08%,90.76%,20.59%,0.06,0.01,0.02,0.05,0.91,7.74,91.06,0.16
Uttar Pradesh,Hapur,99.85%,86.67%,85.88%,29.63%,0.92,0.09,0.50,2.13,2.25,2.80,89.93,1.37
Uttar Pradesh,Hardoi,99.77%,96.62%,36.88%,0.62%,0.08,0.01,0.00,0.00,0.01,0.03,99.78,0.08
Uttar Pradesh,Hathras,99.78%,95.27%,99.13%,23.48%,0.06,0.01,0.00,0.70,2.25,2.06,94.34,0.57
Uttar Pradesh,Jalaun,99.49%,75.75%,98.11%,1.13%,0.02,0.01,0.09,0.74,10.31,8.70,80.07,0.06
Uttar Pradesh,Jaunpur,99.23%,6.80%,98.24%,44.39%,0.12,0.22,0.00,0.76,0.17,1.59,97.01,0.13
Uttar Pradesh,Jhansi,99.77%,79.36%,94.10%,2.44%,0.30,0.01,0.00,0.05,1.72,12.21,85.50,0.20
Uttar Pradesh,Kannauj,99.93%,98.96%,98.98%,1.57%,0.05,0.01,0.00,0.92,2.29,3.73,92.81,0.19
Uttar Pradesh,Kanpur Dehat,99.87%,93.31%,94.12%,8.44%,0.16,0.03,0.04,0.06,1.43,1.73,93.54,3.01
Uttar Pradesh,Kanpur Nagar,99.93%,91.61%,97.54%,1.83%,0.06,0.00,0.01,0.03,0.14,0.32,99.09,0.36
Uttar Pradesh,Kasganj,99.81%,92.63%,94.64%,5.22%,0.03,0.01,0.00,2.08,4.96,5.23,87.42,0.27
Uttar Pradesh,Kaushambi,95.32%,92.51%,91.86%,9.73%,5.54,0.01,0.00,0.35,0.23,2.87,90.44,0.57
Uttar Pradesh,Kheri,99.62%,97.71%,98.10%,6.20%,0.20,0.01,0.01,0.89,6.43,0.49,91.07,0.91
Uttar Pradesh,Kushi Nagar,99.74%,91.43%,89.45%,37.97%,0.55,0.06,0.01,0.06,0.63,4.59,93.98,0.12
Uttar Pradesh,Lalitpur,99.32%,78.44%,97.24%,1.88%,0.07,0.01,0.01,0.14,3.41,9.59,86.59,0.18
Uttar Pradesh,Lucknow,99.58%,58.53%,74.76%,8.80%,0.08,0.01,0.00,0.26,2.39,3.05,93.84,0.36
Uttar Pradesh,Maharajganj,99.78%,51.46%,97.16%,26.77%,0.17,0.01,0.01,1.42,1.23,5.35,91.69,0.14
Uttar Pradesh,Mahoba,99.83%,94.04%,96.45%,5.49%,0.22,0.02,0.01,0.31,4.06,13.37,81.84,0.17
Uttar Pradesh,Mainpuri,99.28%,91.86%,91.26%,14.76%,0.29,0.02,0.02,0.59,0.76,0.72,96.81,0.79
Uttar Pradesh,Mathura,99.83%,70.02%,65.99%,4.68%,0.15,0.02,0.02,0.28,0.50,0.50,96.01,2.52
Uttar Pradesh,Mau,99.77%,87.45%,96.60%,30.85%,1.08,0.01,0.00,0.11,0.09,0.33,98.03,0.35
Uttar Pradesh,Meerut,99.87%,90.80%,95.67%,28.41%,0.66,0.01,0.00,0.04,0.40,1.77,97.04,0.08
Uttar Pradesh,Mirzapur,99.09%,77.89%,86.61%,16.66%,0.62,0.01,0.00,3.57,7.70,3.67,84.36,0.07
Uttar Pradesh,Moradabad,99.57%,78.91%,85.17%,32.33%,0.57,0.04,0.01,0.19,6.92,10.21,81.91,0.15
Uttarakhand,Almora,100.00%,21.49%,51.87%,3.77%,0.00,0.02,0.00,17.59,25.80,11.33,45.22,0.04
Uttarakhand,Bageshwar,100.00%,21.37%,10.28%,11.05%,0.00,0.04,0.00,12.55,51.66,6.48,29.11,0.16
Uttarakhand,Chamoli,100.00%,10.26%,6.60%,14.19%,0.09,0.13,21.65,38.80,0.18,36.53,2.54,0.09
Uttarakhand,Champawat,100.00%,14.86%,13.78%,20.61%,0.09,0.00,0.00,31.23,34.97,2.74,30.92,0.04
Uttarakhand,Dehradun,34.34%,5.42%,7.35%,29.10%,0.09,0.01,0.30,11.57,32.35,2.38,52.71,0.59
Uttarakhand,Haridwar,97.94%,58.31%,15.79%,22.50%,0.03,0.01,0.00,0.28,9.55,10.04,80.00,0.09
Uttarakhand,Nainital,99.98%,11.66%,34.41%,32.17%,0.00,0.03,0.00,1.72,11.95,6.27,79.97,0.07
Uttarakhand,Pauri Garhwal,95.65%,15.69%,2.91%,1.24%,0.00,0.01,0.05,3.46,17.39,5.48,73.57,0.05
Uttarakhand,Pithoragarh,100.00%,22.69%,17.88%,17.65%,0.03,0.00,1.47,29.78,26.49,3.92,38.26,0.05
Uttarakhand,Rudra Prayag,97.50%,6.85%,1.16%,47.30%,0.64,0.00,0.26,11.68,33.63,15.15,38.64,0.00
Uttarakhand,Tehri Garhwal,96.67%,20.33%,27.08%,20.96%,0.02,0.02,0.75,51.72,25.23,8.33,13.78,0.16
Uttarakhand,Udam Singh Nagar,99.38%,70.30%,60.08%,48.28%,0.02,0.01,0.00,0.19,0.93,0.61,98.19,0.04
Uttarakhand,Uttar Kashi,48.84%,2.79%,1.28%,49.09%,0.17,0.00,0.10,53.02,41.11,1.86,3.69,0.03
West Bengal,24 Paraganas North,59.60%,59.59%,0.00%,6.06%,0.00,0.00,5.05,14.14,7.07,5.05,68.69,0.00
West Bengal,24 Paraganas South,27.52%,25.47%,6.60%,21.37%,0.04,3.44,24.45,46.65,11.93,0.74,12.61,0.15
West Bengal,Alipurduar,78.26%,27.91%,3.53%,46.51%,0.04,5.60,46.07,42.60,4.35,0.44,0.83,0.08
West Bengal,Bankura,17.79%,16.91%,1.06%,5.46%,0.03,1.17,64.38,29.79,2.04,0.32,2.25,0.02
West Bengal,Bardhaman,36.93%,20.89%,14.73%,47.93%,0.00,1.21,28.74,47.98,7.69,1.62,12.65,0.10
West Bengal,Birbhum,63.90%,63.07%,3.73%,10.79%,0.00,0.83,11.20,19.92,11.62,6.22,50.21,0.00
West Bengal,Coochbehar,55.42%,33.93%,2.38%,52.98%,0.61,16.36,56.97,23.64,1.21,0.00,1.21,0.00
West Bengal,Darjeeling,100.00%,0.00%,0.00%,26.47%,0.00,0.00,76.47,23.53,0.00,0.00,0.00,0.00
West Bengal,Dinajpur Dakshin,16.98%,15.10%,5.66%,0.00%,0.00,0.00,0.00,0.00,0.00,5.66,94.34,0.00
West Bengal,Dinajpur Uttar,100.00%,0.00%,0.00%,25.00%,0.00,0.00,0.00,75.00,25.00,0.00,0.00,0.00
West Bengal,Hooghly,33.71%,26.88%,0.65%,1.20%,0.17,7.52,46.20,32.98,7.16,0.19,5.76,0.03
West Bengal,Howrah,14.66%,26.66%,73.33%,5.33%,0.00,1.33,16.00,50.67,24.00,1.33,6.67,0.00
West Bengal,Jalpaiguri,78.08%,18.55%,5.28%,37.64%,1.31,11.51,55.13,24.32,2.67,0.77,4.25,0.04
West Bengal,KALIMPONG,0.00%,0.00%,0.00%,100.00%,0.00,0.00,100.00,0.00,0.00,0.00,0.00,0.00
West Bengal,Maldah,73.33%,72.88%,3.62%,9.80%,0.03,0.28,13.26,20.97,11.62,2.47,51.12,0.26
West Bengal,Medinipur East,100.00%,100.00%,0.00%,33.33%,0.00,0.00,0.00,0.00,0.00,0.00,100.00,0.00
West Bengal,Medinipur West,95.26%,36.05%,4.24%,3.91%,0.00,0.21,3.16,2.95,0.53,3.26,89.79,0.11
West Bengal,Murshidabad,16.28%,39.48%,0.62%,21.20%,0.04,0.43,6.03,25.25,9.60,0.63,54.42,3.61
West Bengal,Nadia,31.68%,41.45%,0.66%,23.57%,0.01,0.00,0.42,7.51,8.56,1.83,78.02,3.65
West Bengal,Purulia,50.27%,50.29%,11.25%,2.59%,0.01,0.03,47.89,51.82,0.23,0.00,0.02,0.00
,NEW DISTRICTS,,,,,,,,,,,,
ANDHRA PRADESH,Kadapa,95.09%,44.85%,12.32%,34.12%,0.00,0.00,0.00,0.00,0.00,100.00,0.00,0.00
Arunachal Pradesh,Anjaw,3.79%,13.39%,83.09%,18.16%,0.09,6.22,58.95,31.93,1.39,0.46,0.87,0.10
Arunachal Pradesh,Longding,53.70%,20.86%,94.06%,65.19%,0.08,14.48,26.34,54.81,0.79,0.17,3.21,0.13
Arunachal Pradesh,Tirap,58.33%,27.22%,98.11%,78.63%,0.13,8.07,30.68,49.49,2.05,0.38,9.14,0.08
Arunachal Pradesh,Namsai,27.94%,24.50%,88.98%,44.26%,0.13,7.35,45.90,31.17,2.56,0.58,12.26,0.07
Assam,Dima Hasao,51.39%,16.25%,74.77%,54.83%,0.15,9.66,57.72,17.45,8.21,0.12,6.68,0.01
Bihar,Jehanabad,30.20%,25.66%,22.58%,36.64%,0.05,0.03,2.14,9.79,15.56,2.33,69.95,0.15
Bihar,Lakhisarai,73.34%,45.99%,10.61%,12.29%,0.08,0.01,4.03,8.65,17.47,3.83,57.82,8.10
Maharashtra,Mumbai,16.83%,11.81%,19.11%,8.18%,0.11,0.76,3.36,39.58,27.63,4.00,24.44,0.13
Bihar,SHEOHAR,81.72%,35.07%,12.38%,52.43%,0.08,0.00,0.01,8.58,15.19,0.21,70.19,5.73
Jharkhand,Deoghar,86.25%,66.06%,42.66%,61.67%,0.08,0.00,0.01,8.58,15.19,0.21,70.19,5.73
Manipur,Churachandpur,66.67%,19.54%,72.41%,100.00%,33.33,0.00,33.33,2.30,10.34,0.00,20.69,0.00
Manipur,Imphal East,66.67%,0.00%,66.67%,86.42%,33.33,0.00,0.00,7.41,41.98,0.00,17.28,0.00
Manipur,Imphal West,55.56%,0.00%,55.56%,95.47%,44.44,0.00,0.00,2.47,47.33,0.00,5.76,0.00
Manipur,Senapati,42.13%,13.81%,74.85%,43.79%,0.23,10.07,30.60,23.31,12.44,0.12,23.19,0.03
Puducherry,Mahe,100.00%,17.15%,43.63%,32.21%,0.08,2.60,35.82,48.47,7.68,1.31,3.99,0.08
Puducherry,Yanam,95.82%,24.80%,13.70%,18.62%,0.00,0.00,0.00,0.00,0.00,100.00,0.00,0.00
Uttar Pradesh,Muzaffarnagar,99.76%,85.86%,91.29%,81.24%,0.09,0.03,0.01,0.19,0.63,0.12,98.87,0.06
Uttar Pradesh,Pilibhit,99.95%,83.75%,94.35%,72.90%,0.05,0.01,0.00,0.00,0.02,0.74,99.16,0.03
Uttar Pradesh,Pratapgarh,99.60%,96.40%,97.01%,4.36%,2.07,0.00,0.00,0.37,0.21,6.37,90.48,0.49
Uttar Pradesh,Rae Bareli,99.71%,88.98%,87.17%,11.76%,1.75,0.02,0.01,0.96,0.54,2.08,91.39,3.26
Uttar Pradesh,Rampur,99.77%,94.25%,97.90%,32.58%,0.13,0.02,0.01,0.57,1.99,8.25,88.83,0.20
Uttar Pradesh,Saharanpur,99.94%,94.07%,98.49%,49.35%,0.11,0.02,0.03,0.21,0.61,0.02,98.78,0.22
Uttar Pradesh,Sambhal,99.49%,97.41%,98.34%,20.05%,0.10,0.02,0.07,2.52,4.11,17.42,75.53,0.24
Uttar Pradesh,Sant Kabeer Nagar,99.79%,92.21%,64.04%,21.73%,0.11,0.02,0.01,3.56,9.07,6.27,77.28,3.69
Uttar Pradesh,Sant Ravidas Nagar,98.78%,95.21%,94.67%,8.22%,0.06,0.01,0.05,0.10,0.57,1.67,97.39,0.15
Uttar Pradesh,Shahjahanpur,99.77%,94.22%,96.36%,26.80%,0.21,0.03,0.17,3.95,8.90,7.93,78.47,0.35
Uttar Pradesh,Shamli,100.00%,92.36%,98.99%,20.61%,0.61,0.00,0.01,0.08,0.90,0.81,97.47,0.13
Uttar Pradesh,Shravasti,21.25%,95.28%,97.85%,10.99%,0.23,0.06,0.02,3.39,21.22,4.59,70.06,0.44
Uttar Pradesh,Siddharth Nagar,99.78%,62.13%,34.34%,6.44%,0.09,0.03,0.01,0.72,26.87,15.33,56.82,0.12
Uttar Pradesh,Sitapur,99.34%,92.91%,83.45%,39.53%,0.09,0.01,0.01,0.23,1.87,4.31,93.10,0.38
Uttar Pradesh,Sonbhadra,41.90%,86.84%,97.41%,0.62%,0.02,0.00,0.01,2.01,11.84,1.84,84.15,0.13
Uttar Pradesh,Sultanpur,99.83%,94.26%,80.08%,21.47%,0.10,0.08,0.00,1.38,0.31,1.66,94.23,2.24
Uttar Pradesh,Unnao,99.77%,83.15%,92.41%,1.00%,0.07,0.01,0.02,0.14,0.09,0.08,99.44,0.16
Uttar Pradesh,Varanasi,99.82%,84.18%,78.56%,8.60%,0.04,0.01,0.01,0.03,0.50,1.00,98.33,0.09
Telangana,Hyderabad,79.59%,57.04%,11.67%,16.74%,0.00,1.94,6.89,6.64,21.64,1.67,59.89,1.35
